Diffsec,Nodes,State,Backfilled
0,AllocNodes,State,no
507,4,COMPLETED,no
525,9,COMPLETED,no
496,8,COMPLETED,no
516,8,COMPLETED,no
511,7,COMPLETED,no
485,6,COMPLETED,no
511,5,COMPLETED,yes
497,9,COMPLETED,no
491,2,COMPLETED,yes
499,4,COMPLETED,no
486,5,COMPLETED,no
505,2,COMPLETED,yes
535,3,COMPLETED,no
508,5,COMPLETED,no
518,2,COMPLETED,no
484,4,COMPLETED,no
497,3,COMPLETED,no
523,6,COMPLETED,no
515,10,COMPLETED,no
520,9,COMPLETED,no
499,1,COMPLETED,yes
490,2,COMPLETED,no
493,4,COMPLETED,no
516,5,COMPLETED,no
481,6,COMPLETED,no
528,4,COMPLETED,no
524,1,COMPLETED,yes
528,3,COMPLETED,no
524,10,COMPLETED,no
487,2,COMPLETED,yes
492,4,COMPLETED,no
519,6,COMPLETED,no
486,3,COMPLETED,no
538,9,COMPLETED,no
530,5,COMPLETED,no
526,2,COMPLETED,yes
501,3,COMPLETED,no
477,6,COMPLETED,no
531,2,COMPLETED,yes
482,3,COMPLETED,no
516,4,COMPLETED,no
530,6,COMPLETED,no
526,9,COMPLETED,no
506,5,COMPLETED,yes
499,6,COMPLETED,no
525,6,COMPLETED,no
535,1,COMPLETED,yes
515,6,COMPLETED,no
531,3,COMPLETED,no
479,2,COMPLETED,yes
508,3,COMPLETED,no
508,9,COMPLETED,no
477,4,COMPLETED,no
520,10,COMPLETED,no
501,6,COMPLETED,yes
509,2,COMPLETED,no
508,5,COMPLETED,no
481,10,COMPLETED,no
526,3,COMPLETED,yes
491,9,COMPLETED,no
536,9,COMPLETED,no
522,2,COMPLETED,no
510,2,COMPLETED,no
502,7,COMPLETED,no
477,4,COMPLETED,no
501,8,COMPLETED,no
492,7,COMPLETED,no
489,4,COMPLETED,no
487,2,COMPLETED,no
515,9,COMPLETED,no
482,8,COMPLETED,no
493,5,COMPLETED,no
534,8,COMPLETED,no
485,5,COMPLETED,no
520,6,COMPLETED,no
500,2,COMPLETED,no
497,1,COMPLETED,yes
507,10,COMPLETED,no
499,3,COMPLETED,yes
525,7,COMPLETED,yes
522,3,COMPLETED,no
500,9,COMPLETED,no
529,2,COMPLETED,yes
489,2,COMPLETED,yes
501,5,COMPLETED,no
537,4,COMPLETED,no
491,9,COMPLETED,no
515,7,COMPLETED,no
519,2,COMPLETED,no
531,2,COMPLETED,yes
512,3,COMPLETED,no
506,10,COMPLETED,no
488,10,COMPLETED,no
479,6,COMPLETED,no
498,6,COMPLETED,no
482,10,COMPLETED,no
538,4,COMPLETED,no
537,7,COMPLETED,no
525,2,COMPLETED,yes
527,6,COMPLETED,no
531,2,COMPLETED,yes
529,3,COMPLETED,yes
537,1,COMPLETED,yes
502,2,COMPLETED,no
492,3,COMPLETED,no
499,8,COMPLETED,no
482,8,COMPLETED,no
485,7,COMPLETED,no
482,8,COMPLETED,no
536,5,COMPLETED,no
518,5,COMPLETED,no
510,6,COMPLETED,no
479,8,COMPLETED,no
504,6,COMPLETED,no
484,10,COMPLETED,no
516,5,COMPLETED,no
490,8,COMPLETED,no
508,5,COMPLETED,no
520,3,COMPLETED,yes
479,8,COMPLETED,no
525,1,COMPLETED,yes
512,2,COMPLETED,yes
513,5,COMPLETED,no
512,4,COMPLETED,yes
527,5,COMPLETED,no
520,8,COMPLETED,no
483,1,COMPLETED,yes
524,8,COMPLETED,no
494,7,COMPLETED,no
490,7,COMPLETED,no
509,2,COMPLETED,yes
518,5,COMPLETED,yes
530,6,COMPLETED,no
534,4,COMPLETED,no
515,5,COMPLETED,no
500,4,COMPLETED,no
524,8,COMPLETED,no
502,1,COMPLETED,yes
490,7,COMPLETED,no
497,8,COMPLETED,no
537,6,COMPLETED,no
482,7,COMPLETED,no
532,6,COMPLETED,no
521,3,COMPLETED,yes
505,6,COMPLETED,no
500,1,COMPLETED,yes
497,6,COMPLETED,no
495,6,COMPLETED,no
479,6,COMPLETED,no
505,5,COMPLETED,no
529,9,COMPLETED,no
513,5,COMPLETED,no
478,4,COMPLETED,yes
518,10,COMPLETED,no
513,10,COMPLETED,no
479,4,COMPLETED,no
496,9,COMPLETED,no
498,5,COMPLETED,no
496,4,COMPLETED,no
524,9,COMPLETED,no
507,3,COMPLETED,no
533,8,COMPLETED,no
507,6,COMPLETED,no
531,2,COMPLETED,yes
480,3,COMPLETED,no
533,4,COMPLETED,no
498,8,COMPLETED,no
518,7,COMPLETED,no
529,8,COMPLETED,no
481,3,COMPLETED,yes
489,10,COMPLETED,no
512,7,COMPLETED,no
483,2,COMPLETED,yes
522,8,COMPLETED,no
533,3,COMPLETED,no
525,5,COMPLETED,no
514,6,COMPLETED,no
500,10,COMPLETED,no
499,3,COMPLETED,no
528,10,COMPLETED,no
484,6,COMPLETED,no
494,3,COMPLETED,no
513,6,COMPLETED,no
529,2,COMPLETED,yes
483,9,COMPLETED,no
489,8,COMPLETED,no
515,9,COMPLETED,no
514,4,COMPLETED,yes
513,4,COMPLETED,no
489,7,COMPLETED,no
487,5,COMPLETED,no
506,3,COMPLETED,yes
487,9,COMPLETED,no
527,6,COMPLETED,no
486,4,COMPLETED,no
501,6,COMPLETED,no
529,6,COMPLETED,no
491,6,COMPLETED,no
498,9,COMPLETED,no
525,5,COMPLETED,yes
504,10,COMPLETED,no
484,5,COMPLETED,no
499,5,COMPLETED,no
486,5,COMPLETED,no
499,2,COMPLETED,yes
501,1,COMPLETED,yes
515,2,COMPLETED,no
486,5,COMPLETED,no
510,1,COMPLETED,yes
537,9,COMPLETED,no
522,7,COMPLETED,no
479,8,COMPLETED,no
534,3,COMPLETED,yes
479,2,COMPLETED,yes
482,3,COMPLETED,yes
513,1,COMPLETED,yes
505,10,COMPLETED,no
519,8,COMPLETED,no
496,1,COMPLETED,yes
531,10,COMPLETED,no
511,6,COMPLETED,no
536,5,COMPLETED,no
525,9,COMPLETED,no
526,3,COMPLETED,yes
513,6,COMPLETED,no
520,4,COMPLETED,no
519,5,COMPLETED,no
521,4,COMPLETED,no
526,10,COMPLETED,no
514,1,COMPLETED,yes
536,8,COMPLETED,no
532,2,COMPLETED,yes
488,4,COMPLETED,no
484,2,COMPLETED,no
534,3,COMPLETED,no
492,5,COMPLETED,no
506,4,COMPLETED,no
483,9,COMPLETED,no
483,8,COMPLETED,no
514,9,COMPLETED,no
495,9,COMPLETED,no
512,5,COMPLETED,no
517,6,COMPLETED,no
485,1,COMPLETED,yes
507,8,COMPLETED,no
498,9,COMPLETED,no
531,2,COMPLETED,yes
478,2,COMPLETED,yes
510,7,COMPLETED,no
529,4,COMPLETED,no
487,9,COMPLETED,no
516,7,COMPLETED,no
509,3,COMPLETED,yes
497,1,COMPLETED,yes
486,2,COMPLETED,no
519,9,COMPLETED,no
510,8,COMPLETED,no
516,9,COMPLETED,no
513,5,COMPLETED,no
526,10,COMPLETED,no
509,4,COMPLETED,yes
497,4,COMPLETED,no
488,6,COMPLETED,no
505,5,COMPLETED,no
516,4,COMPLETED,no
511,6,COMPLETED,no
496,7,COMPLETED,no
495,4,COMPLETED,yes
481,6,COMPLETED,no
510,2,COMPLETED,yes
512,8,COMPLETED,no
524,8,COMPLETED,no
513,8,COMPLETED,no
531,8,COMPLETED,no
535,3,COMPLETED,no
531,9,COMPLETED,no
538,8,COMPLETED,no
501,4,COMPLETED,no
498,5,COMPLETED,no
481,6,COMPLETED,no
517,8,COMPLETED,no
494,9,COMPLETED,no
515,8,COMPLETED,no
520,9,COMPLETED,no
532,7,COMPLETED,no
484,5,COMPLETED,no
523,4,COMPLETED,no
517,6,COMPLETED,no
519,3,COMPLETED,yes
515,8,COMPLETED,no
529,5,COMPLETED,yes
496,1,COMPLETED,yes
523,3,COMPLETED,no
506,5,COMPLETED,no
511,9,COMPLETED,no
484,9,COMPLETED,no
538,9,COMPLETED,no
484,3,COMPLETED,no
526,8,COMPLETED,no
522,1,COMPLETED,yes
530,10,COMPLETED,no
509,2,COMPLETED,yes
488,8,COMPLETED,yes
485,9,COMPLETED,no
485,1,COMPLETED,yes
532,8,COMPLETED,no
483,9,COMPLETED,no
525,9,COMPLETED,no
487,10,COMPLETED,no
518,5,COMPLETED,no
534,3,COMPLETED,no
488,4,COMPLETED,no
479,6,COMPLETED,no
513,4,COMPLETED,no
501,1,COMPLETED,yes
500,1,COMPLETED,yes
480,10,COMPLETED,no
530,9,COMPLETED,no
477,9,COMPLETED,no
523,5,COMPLETED,no
492,10,COMPLETED,no
501,2,COMPLETED,yes
512,8,COMPLETED,no
504,8,COMPLETED,no
527,4,COMPLETED,no
493,9,COMPLETED,no
497,5,COMPLETED,yes
537,9,COMPLETED,no
526,8,COMPLETED,no
486,8,COMPLETED,no
506,3,COMPLETED,no
477,3,COMPLETED,no
482,4,COMPLETED,no
496,1,COMPLETED,yes
507,8,COMPLETED,no
523,6,COMPLETED,no
495,6,COMPLETED,no
488,8,COMPLETED,no
519,10,COMPLETED,no
477,10,COMPLETED,no
518,1,COMPLETED,yes
515,4,COMPLETED,no
530,3,COMPLETED,no
531,9,COMPLETED,no
516,8,COMPLETED,no
512,8,COMPLETED,no
502,1,COMPLETED,yes
504,4,COMPLETED,no
478,2,COMPLETED,yes
483,1,COMPLETED,yes
481,8,COMPLETED,no
491,3,COMPLETED,yes
518,4,COMPLETED,no
503,7,COMPLETED,no
523,9,COMPLETED,no
536,4,COMPLETED,no
489,6,COMPLETED,no
512,9,COMPLETED,no
493,1,COMPLETED,yes
480,5,COMPLETED,no
515,10,COMPLETED,no
502,2,COMPLETED,no
513,5,COMPLETED,no
499,3,COMPLETED,no
514,1,COMPLETED,yes
527,10,COMPLETED,no
525,1,COMPLETED,yes
525,3,COMPLETED,no
509,4,COMPLETED,no
518,5,COMPLETED,no
480,6,COMPLETED,no
498,2,COMPLETED,yes
515,8,COMPLETED,no
528,2,COMPLETED,no
531,4,COMPLETED,no
529,8,COMPLETED,no
523,5,COMPLETED,no
483,10,COMPLETED,no
489,9,COMPLETED,no
492,7,COMPLETED,no
519,6,COMPLETED,yes
537,6,COMPLETED,no
495,3,COMPLETED,yes
522,8,COMPLETED,no
499,3,COMPLETED,yes
525,2,COMPLETED,yes
496,9,COMPLETED,no
495,7,COMPLETED,no
526,10,COMPLETED,no
513,9,COMPLETED,no
537,9,COMPLETED,no
516,8,COMPLETED,no
486,2,COMPLETED,yes
531,7,COMPLETED,no
525,9,COMPLETED,no
494,6,COMPLETED,no
514,3,COMPLETED,yes
512,5,COMPLETED,no
516,1,COMPLETED,yes
504,8,COMPLETED,no
0,AllocNodes,State,no
589,6,PREEMPTED,no
532,7,PREEMPTED,no
589,6,PREEMPTED,no
580,7,PREEMPTED,no
571,4,PREEMPTED,yes
568,3,PREEMPTED,yes
538,1,PREEMPTED,yes
575,1,PREEMPTED,yes
535,2,COMPLETED,no
552,7,PREEMPTED,no
551,9,PREEMPTED,no
507,9,COMPLETED,no
592,10,PREEMPTED,no
584,7,PREEMPTED,no
585,3,PREEMPTED,no
554,6,PREEMPTED,no
510,3,PREEMPTED,yes
532,6,PREEMPTED,no
489,2,COMPLETED,yes
527,8,PREEMPTED,no
581,3,PREEMPTED,no
523,2,COMPLETED,yes
507,10,COMPLETED,no
512,1,COMPLETED,yes
574,4,PREEMPTED,yes
520,4,COMPLETED,no
525,7,COMPLETED,no
550,2,PREEMPTED,yes
494,6,COMPLETED,no
579,5,PREEMPTED,no
522,3,COMPLETED,no
507,2,COMPLETED,yes
496,9,COMPLETED,no
507,6,COMPLETED,no
523,10,COMPLETED,no
501,1,COMPLETED,yes
516,5,COMPLETED,yes
477,4,COMPLETED,no
494,6,COMPLETED,no
486,8,COMPLETED,no
498,4,COMPLETED,no
479,1,COMPLETED,no
526,3,COMPLETED,no
536,6,COMPLETED,no
525,4,COMPLETED,yes
495,9,COMPLETED,no
482,9,COMPLETED,no
530,8,COMPLETED,no
518,7,COMPLETED,no
492,6,COMPLETED,no
516,7,COMPLETED,no
527,7,COMPLETED,no
506,1,COMPLETED,yes
494,4,COMPLETED,yes
494,9,COMPLETED,no
535,4,COMPLETED,no
492,4,COMPLETED,no
535,10,COMPLETED,no
501,7,COMPLETED,no
536,3,COMPLETED,no
537,10,COMPLETED,no
517,1,COMPLETED,yes
519,6,COMPLETED,no
480,7,COMPLETED,no
495,7,COMPLETED,no
532,3,COMPLETED,no
490,9,COMPLETED,no
531,3,COMPLETED,no
529,5,COMPLETED,no
504,2,COMPLETED,no
485,6,COMPLETED,no
521,8,COMPLETED,no
507,8,COMPLETED,no
515,10,COMPLETED,no
502,6,COMPLETED,no
508,5,COMPLETED,no
499,5,COMPLETED,no
516,8,COMPLETED,no
487,9,COMPLETED,no
499,10,COMPLETED,no
530,8,COMPLETED,no
488,7,COMPLETED,no
483,6,COMPLETED,no
535,1,COMPLETED,yes
493,8,COMPLETED,no
489,4,COMPLETED,yes
518,4,COMPLETED,no
520,3,COMPLETED,yes
524,4,COMPLETED,no
519,9,COMPLETED,no
514,2,COMPLETED,yes
503,2,COMPLETED,yes
486,3,COMPLETED,no
484,7,COMPLETED,no
483,3,COMPLETED,no
511,3,COMPLETED,no
490,3,COMPLETED,no
530,2,COMPLETED,no
494,9,COMPLETED,no
481,3,COMPLETED,no
517,1,COMPLETED,yes
523,1,COMPLETED,yes
521,10,COMPLETED,no
498,8,COMPLETED,no
532,8,COMPLETED,no
514,5,COMPLETED,no
507,1,COMPLETED,yes
537,1,COMPLETED,yes
525,5,COMPLETED,no
519,7,COMPLETED,no
535,6,COMPLETED,no
487,9,COMPLETED,no
487,2,COMPLETED,yes
488,8,COMPLETED,no
522,7,COMPLETED,no
506,10,COMPLETED,no
499,3,COMPLETED,yes
494,10,COMPLETED,no
521,7,COMPLETED,no
503,1,COMPLETED,yes
487,6,COMPLETED,no
519,1,COMPLETED,yes
511,2,COMPLETED,no
497,1,COMPLETED,no
537,2,COMPLETED,no
490,6,COMPLETED,no
515,4,COMPLETED,no
506,3,COMPLETED,no
478,3,COMPLETED,no
510,4,COMPLETED,no
500,7,COMPLETED,no
519,3,COMPLETED,no
489,8,COMPLETED,no
483,2,COMPLETED,yes
494,4,COMPLETED,no
529,7,COMPLETED,no
513,2,COMPLETED,no
486,9,COMPLETED,no
516,6,COMPLETED,no
522,7,COMPLETED,no
486,8,COMPLETED,no
500,1,COMPLETED,yes
537,8,COMPLETED,no
485,5,COMPLETED,yes
498,4,COMPLETED,no
480,2,COMPLETED,no
527,2,COMPLETED,no
511,4,COMPLETED,no
532,9,COMPLETED,no
479,4,COMPLETED,no
479,3,COMPLETED,no
486,7,COMPLETED,no
490,8,COMPLETED,no
516,8,COMPLETED,no
521,7,COMPLETED,no
507,10,COMPLETED,no
515,1,COMPLETED,yes
507,3,COMPLETED,yes
491,7,COMPLETED,no
507,6,COMPLETED,no
496,4,COMPLETED,no
515,9,COMPLETED,no
529,7,COMPLETED,no
523,10,COMPLETED,no
502,8,COMPLETED,no
524,4,COMPLETED,yes
489,8,COMPLETED,no
500,3,COMPLETED,yes
511,10,COMPLETED,no
500,3,COMPLETED,yes
508,2,COMPLETED,yes
536,4,COMPLETED,no
516,5,COMPLETED,no
536,3,COMPLETED,no
482,4,COMPLETED,no
492,4,COMPLETED,no
534,1,COMPLETED,yes
502,7,COMPLETED,no
504,8,COMPLETED,no
480,1,COMPLETED,yes
537,4,COMPLETED,no
515,9,COMPLETED,no
484,5,COMPLETED,no
497,6,COMPLETED,no
529,5,COMPLETED,no
530,1,COMPLETED,yes
494,5,COMPLETED,no
524,7,COMPLETED,no
526,9,COMPLETED,no
494,7,COMPLETED,no
495,4,COMPLETED,no
505,9,COMPLETED,no
525,3,COMPLETED,no
497,8,COMPLETED,no
482,8,COMPLETED,no
518,9,COMPLETED,no
503,9,COMPLETED,no
507,8,COMPLETED,no
498,3,COMPLETED,no
481,1,COMPLETED,yes
489,4,COMPLETED,no
530,6,COMPLETED,no
518,1,COMPLETED,no
478,9,COMPLETED,no
492,2,COMPLETED,no
492,1,COMPLETED,no
485,2,COMPLETED,no
526,8,COMPLETED,no
506,9,COMPLETED,no
515,8,COMPLETED,no
504,9,COMPLETED,no
509,10,COMPLETED,no
509,7,COMPLETED,no
483,10,COMPLETED,no
502,4,COMPLETED,no
503,4,COMPLETED,no
527,5,COMPLETED,no
502,1,COMPLETED,yes
520,2,COMPLETED,yes
493,2,COMPLETED,yes
505,5,COMPLETED,no
484,1,COMPLETED,yes
478,10,COMPLETED,no
534,3,COMPLETED,no
481,6,COMPLETED,no
499,3,COMPLETED,no
503,6,COMPLETED,no
494,2,COMPLETED,no
507,4,COMPLETED,no
509,1,COMPLETED,yes
536,6,COMPLETED,no
528,8,COMPLETED,no
487,6,COMPLETED,no
496,10,COMPLETED,no
520,7,COMPLETED,no
499,1,COMPLETED,yes
510,3,COMPLETED,yes
524,5,COMPLETED,no
526,8,COMPLETED,no
523,2,COMPLETED,no
528,9,COMPLETED,no
527,4,COMPLETED,no
526,4,COMPLETED,no
511,7,COMPLETED,no
525,1,COMPLETED,yes
537,5,COMPLETED,no
479,7,COMPLETED,no
480,3,COMPLETED,no
488,2,COMPLETED,yes
495,7,COMPLETED,no
478,9,COMPLETED,no
510,4,COMPLETED,yes
499,2,COMPLETED,no
480,3,COMPLETED,no
526,10,COMPLETED,no
508,5,COMPLETED,no
494,6,COMPLETED,no
513,1,COMPLETED,no
505,1,COMPLETED,yes
483,5,COMPLETED,yes
511,4,COMPLETED,no
536,10,COMPLETED,no
515,3,COMPLETED,yes
530,3,COMPLETED,no
525,5,COMPLETED,no
500,7,COMPLETED,no
499,2,COMPLETED,no
510,9,COMPLETED,no
506,10,COMPLETED,no
517,1,COMPLETED,yes
483,5,COMPLETED,no
525,3,COMPLETED,no
494,2,COMPLETED,no
513,5,COMPLETED,no
490,2,COMPLETED,no
478,7,COMPLETED,no
504,9,COMPLETED,no
483,10,COMPLETED,no
492,1,COMPLETED,yes
516,9,COMPLETED,no
501,1,COMPLETED,yes
518,4,COMPLETED,no
496,3,COMPLETED,no
500,8,COMPLETED,no
522,9,COMPLETED,no
531,8,COMPLETED,no
525,6,COMPLETED,no
503,7,COMPLETED,no
502,7,COMPLETED,no
481,7,COMPLETED,no
514,1,COMPLETED,yes
496,3,COMPLETED,yes
483,5,COMPLETED,no
526,2,COMPLETED,no
535,10,COMPLETED,no
480,10,COMPLETED,no
496,6,COMPLETED,no
528,5,COMPLETED,no
482,10,COMPLETED,no
497,6,COMPLETED,no
510,1,COMPLETED,yes
486,10,COMPLETED,no
487,5,COMPLETED,no
505,2,COMPLETED,yes
497,1,COMPLETED,yes
525,10,COMPLETED,no
534,1,COMPLETED,yes
508,6,COMPLETED,no
479,10,COMPLETED,no
512,10,COMPLETED,no
529,6,COMPLETED,no
535,7,COMPLETED,no
491,7,COMPLETED,no
492,5,COMPLETED,no
511,1,COMPLETED,yes
492,5,COMPLETED,no
494,8,COMPLETED,no
483,8,COMPLETED,no
496,4,COMPLETED,no
490,4,COMPLETED,no
479,1,COMPLETED,yes
481,1,COMPLETED,yes
480,9,COMPLETED,no
522,6,COMPLETED,no
482,9,COMPLETED,no
479,6,COMPLETED,no
499,10,COMPLETED,no
506,10,COMPLETED,no
507,3,COMPLETED,yes
488,9,COMPLETED,no
512,10,COMPLETED,no
512,5,COMPLETED,no
532,2,COMPLETED,yes
510,9,COMPLETED,no
481,7,COMPLETED,no
525,3,COMPLETED,yes
527,6,COMPLETED,yes
492,9,COMPLETED,no
534,7,COMPLETED,no
508,1,COMPLETED,no
499,5,COMPLETED,no
488,3,COMPLETED,yes
485,5,COMPLETED,no
479,10,COMPLETED,no
499,10,COMPLETED,no
498,2,COMPLETED,no
492,7,COMPLETED,no
509,9,COMPLETED,no
492,1,COMPLETED,yes
487,8,COMPLETED,no
492,8,COMPLETED,no
527,4,COMPLETED,no
535,6,COMPLETED,no
506,1,COMPLETED,yes
477,8,COMPLETED,no
503,5,COMPLETED,no
488,9,COMPLETED,no
498,4,COMPLETED,yes
503,8,COMPLETED,no
481,3,COMPLETED,yes
494,9,COMPLETED,no
537,1,COMPLETED,yes
518,6,COMPLETED,no
494,10,COMPLETED,no
484,10,COMPLETED,no
514,6,COMPLETED,no
485,10,COMPLETED,no
478,7,COMPLETED,no
528,7,COMPLETED,no
498,7,COMPLETED,no
536,7,COMPLETED,no
524,9,COMPLETED,no
492,4,COMPLETED,yes
531,8,COMPLETED,no
500,7,COMPLETED,no
506,7,COMPLETED,no
519,2,COMPLETED,yes
527,2,COMPLETED,yes
535,3,COMPLETED,yes
514,1,COMPLETED,yes
526,10,COMPLETED,no
532,7,COMPLETED,no
532,2,COMPLETED,yes
504,2,COMPLETED,no
495,4,COMPLETED,no
529,1,COMPLETED,yes
536,7,COMPLETED,no
505,9,COMPLETED,no
537,7,COMPLETED,no
537,3,COMPLETED,no
505,5,COMPLETED,no
532,6,COMPLETED,no
498,1,COMPLETED,yes
519,10,COMPLETED,no
532,4,COMPLETED,no
497,9,COMPLETED,no
530,5,COMPLETED,yes
529,10,COMPLETED,no
493,6,COMPLETED,no
479,5,COMPLETED,no
0,AllocNodes,State,no
572,8,PREEMPTED,no
211,3,PREEMPTED,no
102,9,COMPLETED,no
93,5,COMPLETED,no
76,7,COMPLETED,no
137,3,PREEMPTED,yes
110,6,COMPLETED,no
96,7,COMPLETED,no
57,7,COMPLETED,no
77,6,COMPLETED,yes
63,7,COMPLETED,no
103,8,COMPLETED,no
118,3,PREEMPTED,yes
60,5,COMPLETED,yes
87,6,COMPLETED,no
68,9,COMPLETED,no
112,10,COMPLETED,no
64,7,COMPLETED,no
83,5,COMPLETED,no
97,7,COMPLETED,no
117,10,COMPLETED,no
67,9,COMPLETED,no
140,1,PREEMPTED,yes
104,5,COMPLETED,no
86,9,COMPLETED,no
101,5,COMPLETED,no
93,2,COMPLETED,yes
77,2,COMPLETED,no
81,8,COMPLETED,no
65,9,COMPLETED,no
78,3,COMPLETED,no
92,10,COMPLETED,no
77,7,COMPLETED,yes
115,4,COMPLETED,no
62,5,COMPLETED,no
97,8,COMPLETED,no
60,9,COMPLETED,no
95,5,COMPLETED,no
83,8,COMPLETED,no
82,8,COMPLETED,no
71,1,COMPLETED,yes
72,4,COMPLETED,no
92,8,COMPLETED,no
71,5,COMPLETED,no
66,5,COMPLETED,no
98,1,COMPLETED,yes
63,7,COMPLETED,no
86,9,COMPLETED,no
115,8,COMPLETED,no
87,4,COMPLETED,no
63,6,COMPLETED,no
106,1,COMPLETED,yes
70,2,COMPLETED,yes
85,7,COMPLETED,no
61,1,COMPLETED,yes
90,8,COMPLETED,no
98,8,COMPLETED,no
94,10,COMPLETED,no
94,5,COMPLETED,no
109,2,COMPLETED,yes
105,9,COMPLETED,no
100,6,COMPLETED,no
98,6,COMPLETED,no
109,10,COMPLETED,no
86,1,COMPLETED,yes
79,6,COMPLETED,no
70,6,COMPLETED,no
68,5,COMPLETED,no
101,8,COMPLETED,no
60,9,COMPLETED,no
86,4,COMPLETED,yes
96,8,COMPLETED,no
90,4,COMPLETED,no
87,5,COMPLETED,no
111,9,COMPLETED,no
71,10,COMPLETED,no
61,8,COMPLETED,no
80,3,COMPLETED,yes
74,6,COMPLETED,no
111,7,COMPLETED,no
112,4,COMPLETED,no
79,1,COMPLETED,yes
112,5,COMPLETED,no
105,6,COMPLETED,no
60,4,COMPLETED,no
116,6,COMPLETED,no
78,3,COMPLETED,yes
87,5,COMPLETED,no
95,5,COMPLETED,no
73,1,COMPLETED,yes
113,7,COMPLETED,no
89,8,COMPLETED,no
94,8,COMPLETED,no
91,7,COMPLETED,no
68,4,COMPLETED,yes
107,6,COMPLETED,no
99,8,COMPLETED,no
106,7,COMPLETED,no
62,1,COMPLETED,yes
99,8,COMPLETED,no
102,9,COMPLETED,no
116,8,COMPLETED,no
87,8,COMPLETED,no
99,10,COMPLETED,no
60,1,COMPLETED,yes
58,8,COMPLETED,no
100,5,COMPLETED,no
88,7,COMPLETED,no
102,2,COMPLETED,yes
92,9,COMPLETED,no
99,2,COMPLETED,yes
95,2,COMPLETED,yes
60,4,COMPLETED,no
86,2,COMPLETED,no
93,10,COMPLETED,no
117,6,COMPLETED,no
83,1,COMPLETED,yes
97,2,COMPLETED,no
88,5,COMPLETED,no
96,10,COMPLETED,no
77,7,COMPLETED,no
62,7,COMPLETED,no
65,2,COMPLETED,no
81,2,COMPLETED,no
91,2,COMPLETED,yes
88,5,COMPLETED,no
91,8,COMPLETED,no
68,1,COMPLETED,yes
94,8,COMPLETED,no
97,1,COMPLETED,yes
62,10,COMPLETED,no
98,7,COMPLETED,no
106,10,COMPLETED,no
75,9,COMPLETED,yes
117,9,COMPLETED,no
74,4,COMPLETED,no
58,10,COMPLETED,no
76,2,COMPLETED,yes
93,3,COMPLETED,yes
73,2,COMPLETED,yes
97,5,COMPLETED,yes
66,4,COMPLETED,no
99,9,COMPLETED,no
103,8,COMPLETED,no
91,7,COMPLETED,no
108,8,COMPLETED,no
98,1,COMPLETED,yes
64,7,COMPLETED,no
86,4,COMPLETED,yes
110,1,COMPLETED,yes
81,6,COMPLETED,no
65,10,COMPLETED,no
109,7,COMPLETED,no
85,3,COMPLETED,no
71,9,COMPLETED,no
101,7,COMPLETED,no
104,3,COMPLETED,no
60,2,COMPLETED,no
108,5,COMPLETED,no
76,6,COMPLETED,no
72,4,COMPLETED,no
117,6,COMPLETED,no
105,10,COMPLETED,no
75,5,COMPLETED,no
117,4,COMPLETED,no
95,2,COMPLETED,no
63,2,COMPLETED,no
106,5,COMPLETED,no
87,2,COMPLETED,yes
116,9,COMPLETED,no
113,8,COMPLETED,no
86,5,COMPLETED,no
65,4,COMPLETED,no
110,6,COMPLETED,no
95,3,COMPLETED,no
65,1,COMPLETED,yes
111,2,COMPLETED,yes
60,8,COMPLETED,no
71,3,COMPLETED,no
94,1,COMPLETED,yes
74,6,COMPLETED,no
59,2,COMPLETED,yes
81,10,COMPLETED,no
91,9,COMPLETED,no
70,3,COMPLETED,no
90,10,COMPLETED,no
113,2,COMPLETED,no
59,2,COMPLETED,no
63,6,COMPLETED,no
71,3,COMPLETED,yes
106,5,COMPLETED,no
92,1,COMPLETED,yes
87,3,COMPLETED,no
81,7,COMPLETED,no
114,5,COMPLETED,no
72,9,COMPLETED,no
110,5,COMPLETED,no
82,8,COMPLETED,no
87,10,COMPLETED,no
89,10,COMPLETED,no
104,2,COMPLETED,yes
110,5,COMPLETED,no
75,1,COMPLETED,no
69,4,COMPLETED,no
85,9,COMPLETED,no
117,3,COMPLETED,no
78,1,COMPLETED,yes
106,1,COMPLETED,no
58,4,COMPLETED,no
61,3,COMPLETED,no
80,5,COMPLETED,no
58,5,COMPLETED,no
109,8,COMPLETED,no
97,9,COMPLETED,no
67,10,COMPLETED,no
62,1,COMPLETED,yes
92,1,COMPLETED,yes
70,4,COMPLETED,no
76,10,COMPLETED,no
111,7,COMPLETED,no
65,3,COMPLETED,no
65,5,COMPLETED,no
103,9,COMPLETED,no
89,5,COMPLETED,no
79,7,COMPLETED,no
90,9,COMPLETED,no
82,10,COMPLETED,no
111,9,COMPLETED,no
88,1,COMPLETED,yes
117,4,COMPLETED,no
100,8,COMPLETED,no
69,1,COMPLETED,yes
106,9,COMPLETED,no
112,2,COMPLETED,yes
90,4,COMPLETED,yes
60,9,COMPLETED,no
61,7,COMPLETED,no
117,7,COMPLETED,no
106,4,COMPLETED,yes
86,2,COMPLETED,no
83,9,COMPLETED,no
75,4,COMPLETED,no
93,5,COMPLETED,no
108,9,COMPLETED,no
113,7,COMPLETED,no
114,2,COMPLETED,yes
114,7,COMPLETED,no
75,5,COMPLETED,no
100,1,COMPLETED,yes
68,3,COMPLETED,no
93,2,COMPLETED,no
93,7,COMPLETED,no
67,5,COMPLETED,no
98,7,COMPLETED,no
57,6,COMPLETED,no
91,5,COMPLETED,no
83,6,COMPLETED,no
73,5,COMPLETED,no
73,7,COMPLETED,no
94,1,COMPLETED,yes
65,9,COMPLETED,no
89,9,COMPLETED,no
62,5,COMPLETED,no
107,8,COMPLETED,no
95,9,COMPLETED,no
84,5,COMPLETED,no
65,3,COMPLETED,yes
70,4,COMPLETED,no
63,5,COMPLETED,no
91,10,COMPLETED,no
61,7,COMPLETED,no
83,8,COMPLETED,no
76,10,COMPLETED,no
73,7,COMPLETED,no
92,1,COMPLETED,yes
82,5,COMPLETED,no
58,2,COMPLETED,yes
59,5,COMPLETED,yes
78,3,COMPLETED,no
102,8,COMPLETED,no
88,6,COMPLETED,no
96,8,COMPLETED,no
87,1,COMPLETED,yes
66,4,COMPLETED,no
60,8,COMPLETED,no
118,1,COMPLETED,yes
77,1,COMPLETED,yes
75,8,COMPLETED,no
109,8,COMPLETED,no
98,3,COMPLETED,yes
105,9,COMPLETED,no
116,1,COMPLETED,yes
106,7,COMPLETED,no
106,2,COMPLETED,yes
112,8,COMPLETED,no
103,2,COMPLETED,no
116,9,COMPLETED,no
90,10,COMPLETED,no
78,5,COMPLETED,no
90,5,COMPLETED,no
107,4,COMPLETED,no
81,5,COMPLETED,no
99,4,COMPLETED,no
90,1,COMPLETED,yes
94,7,COMPLETED,no
65,9,COMPLETED,no
107,6,COMPLETED,no
78,9,COMPLETED,no
67,5,COMPLETED,no
93,9,COMPLETED,no
98,7,COMPLETED,no
67,2,COMPLETED,yes
78,5,COMPLETED,no
73,1,COMPLETED,yes
57,5,COMPLETED,no
108,4,COMPLETED,yes
71,2,COMPLETED,yes
84,7,COMPLETED,no
78,10,COMPLETED,no
108,2,COMPLETED,no
76,9,COMPLETED,no
99,5,COMPLETED,no
112,2,COMPLETED,no
66,8,COMPLETED,no
92,9,COMPLETED,no
66,9,COMPLETED,no
59,10,COMPLETED,no
96,1,COMPLETED,yes
97,5,COMPLETED,yes
99,9,COMPLETED,no
114,7,COMPLETED,no
65,9,COMPLETED,no
104,8,COMPLETED,no
82,1,COMPLETED,yes
82,3,COMPLETED,yes
93,2,COMPLETED,yes
59,9,COMPLETED,no
100,6,COMPLETED,no
117,8,COMPLETED,no
111,9,COMPLETED,no
105,7,COMPLETED,no
108,7,COMPLETED,no
102,9,COMPLETED,no
99,6,COMPLETED,no
83,7,COMPLETED,no
68,5,COMPLETED,no
107,10,COMPLETED,no
98,10,COMPLETED,no
94,3,COMPLETED,yes
109,10,COMPLETED,no
70,9,COMPLETED,no
99,4,COMPLETED,yes
78,1,COMPLETED,yes
109,8,COMPLETED,no
95,6,COMPLETED,no
83,8,COMPLETED,no
83,5,COMPLETED,no
111,3,COMPLETED,yes
91,8,COMPLETED,no
92,1,COMPLETED,yes
88,3,COMPLETED,yes
117,8,COMPLETED,no
94,10,COMPLETED,no
89,6,COMPLETED,no
58,9,COMPLETED,no
91,5,COMPLETED,no
107,1,COMPLETED,yes
98,10,COMPLETED,no
103,2,COMPLETED,yes
100,6,COMPLETED,no
104,3,COMPLETED,no
97,3,COMPLETED,no
92,9,COMPLETED,no
63,3,COMPLETED,yes
66,6,COMPLETED,no
117,5,COMPLETED,yes
65,4,COMPLETED,no
111,10,COMPLETED,no
107,10,COMPLETED,no
104,9,COMPLETED,no
95,2,COMPLETED,no
104,10,COMPLETED,no
92,9,COMPLETED,no
94,5,COMPLETED,yes
103,5,COMPLETED,no
83,1,COMPLETED,yes
101,6,COMPLETED,no
71,1,COMPLETED,yes
65,2,COMPLETED,no
106,5,COMPLETED,no
115,5,COMPLETED,no
89,6,COMPLETED,no
96,3,COMPLETED,no
103,8,COMPLETED,no
74,7,COMPLETED,yes
65,10,COMPLETED,no
74,7,COMPLETED,yes
103,7,COMPLETED,no
79,9,COMPLETED,no
77,6,COMPLETED,no
