UID,GID,JobIDRaw,Group,Account,JobName,TimelimitRaw,Submit,Start,End,State,ExitCode,ReservationId,Reservation,Priority,Eligible,Constraints,SystemCPU,CPUTimeRAW,ElapsedRaw,Layout,NTasks,QOSREQ,QOS,Restarts,WorkDir,ConsumedEnergyRaw,FailedNode,AveDiskRead,AveDiskWrite,MaxDiskRead,MaxDiskWrite,Partition,Reason,Suspended,AllocNodes,AveRSS,MaxRSS,DerivedExitCode,AveVMSize,MaxVMSize,ReqMem,ReqNodes,NNodes,Planned,PlannedCPURAW,NCPUS,UserCPU,ReqCPUS,TotalCPU,TRESUsageInTot,TRESUsageOutTot,ReqTRES,AllocTRES,TRESUsageInMax,TRESUsageOutMax,Flags,Comment,SystemComment,AdminComment
1016,1016,457,test_user17,testing,test_user17-3YPi,74,2025-07-29T17:07:58,2025-07-29T17:07:59,2025-07-29T17:55:06,COMPLETED,0:0,1,system_testing,86400,2025-07-29T17:07:58,,00:00:00,361856,2827,,,,normal,0,/home/test_user17/stochsimsched,,,,,,,batch-cpu,None,00:00:00,1,,,0:0,,,1M,1,1,00:00:01,64,128,00:00:00,64,00:00:00,,,billing=64;cpu=64;mem=1M;node=1,billing=128;cpu=128;node=1,,,SchedMain;StartReceived,,,
1019,1019,458,test_user20,testing,test_user20-nH0S,40,2025-07-29T17:07:58,2025-07-29T17:07:59,2025-07-29T17:33:44,COMPLETED,0:0,1,system_testing,86400,2025-07-29T17:07:58,,00:00:00,988800,1545,,,,normal,0,/home/test_user20/stochsimsched,,,,,,,batch-cpu,None,00:00:00,5,,,0:0,,,5M,5,5,00:00:01,320,640,00:00:00,320,00:00:00,,,billing=320;cpu=320;mem=5M;node=5,billing=640;cpu=640;node=5,,,SchedMain;StartReceived,,,
1018,1018,459,test_user19,testing,test_user19-Hwsh,95,2025-07-29T17:07:58,2025-07-29T17:07:59,2025-07-29T18:42:22,COMPLETED,0:0,1,system_testing,86400,2025-07-29T17:07:58,,00:00:00,4349184,5663,,,,normal,0,/home/test_user19/stochsimsched,,,,,,,batch-cpu,None,00:00:00,6,,,0:0,,,6M,6,6,00:00:01,384,768,00:00:00,384,00:00:00,,,billing=384;cpu=384;mem=6M;node=6,billing=768;cpu=768;node=6,,,SchedMain;StartReceived,,,
1017,1017,460,test_user18,testing,test_user18-PHzy,32,2025-07-29T17:07:58,2025-07-29T17:07:59,2025-07-29T17:17:15,COMPLETED,0:0,1,system_testing,86400,2025-07-29T17:07:58,,00:00:00,427008,556,,,,normal,0,/home/test_user18/stochsimsched,,,,,,,batch-cpu,None,00:00:00,6,,,0:0,,,6M,6,6,00:00:01,384,768,00:00:00,384,00:00:00,,,billing=384;cpu=384;mem=6M;node=6,billing=768;cpu=768;node=6,,,SchedMain;StartReceived,,,
1014,1014,461,test_user15,testing,test_user15-wIWr,119,2025-07-29T17:08:04,2025-07-29T17:33:55,2025-07-29T19:25:54,COMPLETED,0:0,1,system_testing,86400,2025-07-29T17:08:04,,00:00:00,6880256,6719,,,,normal,0,/home/test_user15/stochsimsched,,,,,,,batch-cpu,None,00:00:00,8,,,0:0,,,8M,8,8,00:25:51,794112,1024,00:00:00,512,00:00:00,,,billing=512;cpu=512;mem=8M;node=8,billing=1024;cpu=1024;node=8,,,SchedMain;StartReceived,,,
1003,1003,462,test_user4,testing,test_user4-JO6t,14,2025-07-29T17:08:04,2025-07-29T18:42:22,2025-07-29T18:48:59,COMPLETED,0:0,1,system_testing,86400,2025-07-29T17:08:04,,00:00:00,406528,397,,,,normal,0,/home/test_user4/stochsimsched,,,,,,,batch-cpu,None,00:00:00,8,,,0:0,,,8M,8,8,01:34:18,2896896,1024,00:00:00,512,00:00:00,,,billing=512;cpu=512;mem=8M;node=8,billing=1024;cpu=1024;node=8,,,SchedMain;StartReceived,,,
1015,1015,463,test_user16,testing,test_user16-ZPct,114,2025-07-29T17:08:04,2025-07-29T18:48:59,2025-07-29T19:23:49,COMPLETED,0:0,1,system_testing,86400,2025-07-29T17:08:04,,00:00:00,2140160,2090,,,,normal,0,/home/test_user16/stochsimsched,,,,,,,batch-cpu,None,00:00:00,8,,,0:0,,,8M,8,8,01:40:55,3100160,1024,00:00:00,512,00:00:00,,,billing=512;cpu=512;mem=8M;node=8,billing=1024;cpu=1024;node=8,,,SchedMain;StartReceived,,,
1001,1001,464,test_user2,testing,test_user2-MhjD,45,2025-07-29T17:08:04,2025-07-29T17:34:39,2025-07-29T18:10:05,COMPLETED,0:0,1,system_testing,86400,2025-07-29T17:08:04,,00:00:00,544256,2126,,,,normal,0,/home/test_user2/stochsimsched,,,,,,,batch-cpu,None,00:00:00,2,,,0:0,,,2M,2,2,00:26:35,204160,256,00:00:00,128,00:00:00,,,billing=128;cpu=128;mem=2M;node=2,billing=256;cpu=256;node=2,,,SchedBackfill;StartReceived,,,
1008,1008,465,test_user9,testing,test_user9-X3Ld,48,2025-07-29T17:08:04,2025-07-29T19:23:49,2025-07-29T19:34:34,COMPLETED,0:0,1,system_testing,86400,2025-07-29T17:08:04,,00:00:00,660480,645,,,,normal,0,/home/test_user9/stochsimsched,,,,,,,batch-cpu,None,00:00:00,8,,,0:0,,,8M,8,8,02:15:45,4170240,1024,00:00:00,512,00:00:00,,,billing=512;cpu=512;mem=8M;node=8,billing=1024;cpu=1024;node=8,,,SchedMain;StartReceived,,,
1010,1010,466,test_user11,testing,test_user11-iiDw,118,2025-07-29T17:08:04,2025-07-29T17:34:09,2025-07-29T18:50:10,COMPLETED,0:0,1,system_testing,86400,2025-07-29T17:08:04,,00:00:00,583808,4561,,,,normal,0,/home/test_user11/stochsimsched,,,,,,,batch-cpu,None,00:00:00,1,,,0:0,,,1M,1,1,00:26:05,100160,128,00:00:00,64,00:00:00,,,billing=64;cpu=64;mem=1M;node=1,billing=128;cpu=128;node=1,,,SchedBackfill;StartReceived,,,
1013,1013,467,test_user14,testing,test_user14-nXJy,53,2025-07-29T17:08:04,2025-07-29T19:25:54,2025-07-29T19:44:06,COMPLETED,0:0,1,system_testing,86400,2025-07-29T17:08:04,,00:00:00,838656,1092,,,,normal,0,/home/test_user14/stochsimsched,,,,,,,batch-cpu,None,00:00:00,6,,,0:0,,,6M,6,6,02:17:50,3175680,768,00:00:00,384,00:00:00,,,billing=384;cpu=384;mem=6M;node=6,billing=768;cpu=768;node=6,,,SchedMain;StartReceived,,,
1000,1000,468,test_user1,testing,test_user1-vXVX,49,2025-07-29T17:08:04,2025-07-29T19:34:34,2025-07-29T19:45:17,COMPLETED,0:0,1,system_testing,86400,2025-07-29T17:08:05,,00:00:00,576128,643,,,,normal,0,/home/test_user1/stochsimsched,,,,,,,batch-cpu,None,00:00:00,7,,,0:0,,,7M,7,7,02:26:29,3937472,896,00:00:00,448,00:00:00,,,billing=448;cpu=448;mem=7M;node=7,billing=896;cpu=896;node=7,,,SchedMain;StartReceived,,,
1009,1009,469,test_user10,testing,test_user10-EfUZ,86,2025-07-29T17:08:05,2025-07-29T19:45:17,2025-07-29T20:26:12,COMPLETED,0:0,1,system_testing,86400,2025-07-29T17:08:05,,00:00:00,2513920,2455,,,,normal,0,/home/test_user10/stochsimsched,,,,,,,batch-cpu,None,00:00:00,8,,,0:0,,,8M,8,8,02:37:12,4829184,1024,00:00:00,512,00:00:00,,,billing=512;cpu=512;mem=8M;node=8,billing=1024;cpu=1024;node=8,,,SchedMain;StartReceived,,,
1002,1002,470,test_user3,testing,test_user3-FfPb,77,2025-07-29T17:08:05,2025-07-29T20:01:45,2025-07-29T21:07:14,COMPLETED,0:0,1,system_testing,86400,2025-07-29T17:08:05,,00:00:00,3520384,3929,,,,normal,0,/home/test_user3/stochsimsched,,,,,,,batch-cpu,None,00:00:00,7,,,0:0,,,7M,7,7,02:53:40,4668160,896,00:00:00,448,00:00:00,,,billing=448;cpu=448;mem=7M;node=7,billing=896;cpu=896;node=7,,,SchedMain;StartReceived,,,
1011,1011,471,test_user12,testing,test_user12-0OTy,29,2025-07-29T17:08:05,2025-07-29T17:08:09,2025-07-29T17:33:55,COMPLETED,0:0,1,system_testing,86400,2025-07-29T17:08:05,,00:00:00,395776,1546,,,,normal,0,/home/test_user12/stochsimsched,,,,,,,batch-cpu,None,00:00:00,2,,,0:0,,,2M,2,2,00:00:04,512,256,00:00:00,128,00:00:00,,,billing=128;cpu=128;mem=2M;node=2,billing=256;cpu=256;node=2,,,SchedBackfill;StartReceived,,,
1004,1004,472,test_user5,testing,test_user5-o2MA,54,2025-07-29T17:08:05,2025-07-29T17:34:39,2025-07-29T18:15:34,COMPLETED,0:0,1,system_testing,86400,2025-07-29T17:08:05,,00:00:00,628480,2455,,,,normal,0,/home/test_user5/stochsimsched,,,,,,,batch-cpu,None,00:00:00,2,,,0:0,,,2M,2,2,00:26:34,204032,256,00:00:00,128,00:00:00,,,billing=128;cpu=128;mem=2M;node=2,billing=256;cpu=256;node=2,,,SchedBackfill;StartReceived,,,
1007,1007,473,test_user8,testing,test_user8-lRgv,58,2025-07-29T17:08:05,2025-07-29T20:26:12,2025-07-29T20:52:37,COMPLETED,0:0,1,system_testing,86400,2025-07-29T17:08:06,,00:00:00,1623040,1585,,,,normal,0,/home/test_user8/stochsimsched,,,,,,,batch-cpu,None,00:00:00,8,,,0:0,,,8M,8,8,03:18:06,6085632,1024,00:00:00,512,00:00:00,,,billing=512;cpu=512;mem=8M;node=8,billing=1024;cpu=1024;node=8,,,SchedMain;StartReceived,,,
1012,1012,474,test_user13,testing,test_user13-nSDN,87,2025-07-29T17:08:06,2025-07-29T20:52:37,2025-07-29T21:03:27,COMPLETED,0:0,1,system_testing,86400,2025-07-29T17:08:06,,00:00:00,416000,650,,,,normal,0,/home/test_user13/stochsimsched,,,,,,,batch-cpu,None,00:00:00,5,,,0:0,,,5M,5,5,03:44:31,4310720,640,00:00:00,320,00:00:00,,,billing=320;cpu=320;mem=5M;node=5,billing=640;cpu=640;node=5,,,SchedMain;StartReceived,,,
1005,1005,475,test_user6,testing,test_user6-is3Z,23,2025-07-29T17:08:06,2025-07-29T18:10:11,2025-07-29T18:32:17,COMPLETED,0:0,1,system_testing,86400,2025-07-29T17:08:06,,00:00:00,339456,1326,,,,normal,0,/home/test_user6/stochsimsched,,,,,,,batch-cpu,None,00:00:00,2,,,0:0,,,2M,2,2,01:02:05,476800,256,00:00:00,128,00:00:00,,,billing=128;cpu=128;mem=2M;node=2,billing=256;cpu=256;node=2,,,SchedBackfill;StartReceived,,,
1006,1006,476,test_user7,testing,test_user7-SkbE,95,2025-07-29T17:08:06,2025-07-29T21:00:10,2025-07-29T21:11:26,COMPLETED,0:0,1,system_testing,86400,2025-07-29T17:08:06,,00:00:00,692224,676,,,,normal,0,/home/test_user7/stochsimsched,,,,,,,batch-cpu,None,00:00:00,8,,,0:0,,,8M,8,8,03:52:04,7129088,1024,00:00:00,512,00:00:00,,,billing=512;cpu=512;mem=8M;node=8,billing=1024;cpu=1024;node=8,,,SchedMain;StartReceived,,,
1001,1001,477,test_user2,testing,test_user2-2SQq,51,2025-07-29T17:09:10,2025-07-29T21:07:15,2025-07-29T21:38:31,COMPLETED,0:0,1,system_testing,86400,2025-07-29T17:09:10,,00:00:00,1440768,1876,,,,normal,0,/home/test_user2/stochsimsched,,,,,,,batch-cpu,None,00:00:00,6,,,0:0,,,6M,6,6,03:58:05,5485440,768,00:00:00,384,00:00:00,,,billing=384;cpu=384;mem=6M;node=6,billing=768;cpu=768;node=6,,,SchedMain;StartReceived,,,
1014,1014,478,test_user15,testing,test_user15-100Z,43,2025-07-29T17:09:13,2025-07-29T17:55:11,2025-07-29T18:29:42,COMPLETED,0:0,1,system_testing,86400,2025-07-29T17:09:13,,00:00:00,265088,2071,,,,normal,0,/home/test_user15/stochsimsched,,,,,,,batch-cpu,None,00:00:00,1,,,0:0,,,1M,1,1,00:45:58,176512,128,00:00:00,64,00:00:00,,,billing=64;cpu=64;mem=1M;node=1,billing=128;cpu=128;node=1,,,SchedBackfill;StartReceived,,,
1015,1015,479,test_user16,testing,test_user16-5Bqt,110,2025-07-29T17:09:31,2025-07-29T21:11:26,2025-07-29T22:08:18,COMPLETED,0:0,1,system_testing,86400,2025-07-29T17:09:31,,00:00:00,3493888,3412,,,,normal,0,/home/test_user16/stochsimsched,,,,,,,batch-cpu,None,00:00:00,8,,,0:0,,,8M,8,8,04:01:55,7431680,1024,00:00:00,512,00:00:00,,,billing=512;cpu=512;mem=8M;node=8,billing=1024;cpu=1024;node=8,,,SchedMain;StartReceived,,,
1011,1011,480,test_user12,testing,test_user12-ztqb,36,2025-07-29T17:09:33,2025-07-29T19:30:17,2025-07-29T20:01:45,COMPLETED,0:0,1,system_testing,86400,2025-07-29T17:09:33,,00:00:00,1449984,1888,,,,normal,0,/home/test_user12/stochsimsched,,,,,,,batch-cpu,None,00:00:00,6,,,0:0,,,6M,6,6,02:20:44,3242496,768,00:00:00,384,00:00:00,,,billing=384;cpu=384;mem=6M;node=6,billing=768;cpu=768;node=6,,,SchedBackfill;StartReceived,,,
1005,1005,481,test_user6,testing,test_user6-Xg81,103,2025-07-29T17:09:45,2025-07-29T21:34:31,2025-07-29T22:38:52,COMPLETED,0:0,1,system_testing,86400,2025-07-29T17:09:45,,00:00:00,988416,3861,,,,normal,0,/home/test_user6/stochsimsched,,,,,,,batch-cpu,None,00:00:00,2,,,0:0,,,2M,2,2,04:24:46,2033408,256,00:00:00,128,00:00:00,,,billing=128;cpu=128;mem=2M;node=2,billing=256;cpu=256;node=2,,,SchedMain;StartReceived,,,
1004,1004,482,test_user5,testing,test_user5-iOVP,9,2025-07-29T17:09:49,2025-07-29T21:46:21,2025-07-29T21:54:33,COMPLETED,0:0,1,system_testing,86400,2025-07-29T17:09:49,,00:00:00,440832,492,,,,normal,0,/home/test_user5/stochsimsched,,,,,,,batch-cpu,None,00:00:00,7,,,0:0,,,7M,7,7,04:36:32,7433216,896,00:00:00,448,00:00:00,,,billing=448;cpu=448;mem=7M;node=7,billing=896;cpu=896;node=7,,,SchedMain;StartReceived,,,
1019,1019,483,test_user20,testing,test_user20-JATn,77,2025-07-29T17:10:07,2025-07-29T21:38:32,2025-07-29T22:37:03,COMPLETED,0:0,1,system_testing,86400,2025-07-29T17:10:07,,00:00:00,898816,3511,,,,normal,0,/home/test_user20/stochsimsched,,,,,,,batch-cpu,None,00:00:00,2,,,0:0,,,2M,2,2,04:28:25,2061440,256,00:00:00,128,00:00:00,,,billing=128;cpu=128;mem=2M;node=2,billing=256;cpu=256;node=2,,,SchedBackfill;StartReceived,,,
1006,1006,484,test_user7,testing,test_user7-bP1l,24,2025-07-29T17:10:10,2025-07-29T20:03:20,2025-07-29T20:06:04,COMPLETED,0:0,1,system_testing,86400,2025-07-29T17:10:10,,00:00:00,83968,164,,,,normal,0,/home/test_user7/stochsimsched,,,,,,,batch-cpu,None,00:00:00,4,,,0:0,,,4M,4,4,02:53:10,2659840,512,00:00:00,256,00:00:00,,,billing=256;cpu=256;mem=4M;node=4,billing=512;cpu=512;node=4,,,SchedBackfill;StartReceived,,,
1016,1016,485,test_user17,testing,test_user17-hq0s,16,2025-07-29T17:10:13,2025-07-29T21:54:34,2025-07-29T22:07:24,COMPLETED,0:0,1,system_testing,86400,2025-07-29T17:10:13,,00:00:00,689920,770,,,,normal,0,/home/test_user17/stochsimsched,,,,,,,batch-cpu,None,00:00:00,7,,,0:0,,,7M,7,7,04:44:21,7643328,896,00:00:00,448,00:00:00,,,billing=448;cpu=448;mem=7M;node=7,billing=896;cpu=896;node=7,,,SchedMain;StartReceived,,,
1008,1008,486,test_user9,testing,test_user9-R1WB,119,2025-07-29T17:10:29,2025-07-29T22:07:24,2025-07-29T22:29:52,COMPLETED,0:0,1,system_testing,86400,2025-07-29T17:10:29,,00:00:00,690176,1348,,,,normal,0,/home/test_user9/stochsimsched,,,,,,,batch-cpu,None,00:00:00,4,,,0:0,,,4M,4,4,04:56:55,4560640,512,00:00:00,256,00:00:00,,,billing=256;cpu=256;mem=4M;node=4,billing=512;cpu=512;node=4,,,SchedMain;StartReceived,,,
1003,1003,487,test_user4,testing,test_user4-iSBf,28,2025-07-29T17:10:38,2025-07-29T22:08:18,2025-07-29T22:10:23,COMPLETED,0:0,1,system_testing,86400,2025-07-29T17:10:38,,00:00:00,112000,125,,,,normal,0,/home/test_user4/stochsimsched,,,,,,,batch-cpu,None,00:00:00,7,,,0:0,,,7M,7,7,04:57:40,8001280,896,00:00:00,448,00:00:00,,,billing=448;cpu=448;mem=7M;node=7,billing=896;cpu=896;node=7,,,SchedMain;StartReceived,,,
1017,1017,488,test_user18,testing,test_user18-oDs5,68,2025-07-29T17:10:40,2025-07-29T18:15:42,2025-07-29T18:22:30,COMPLETED,0:0,1,system_testing,86400,2025-07-29T17:10:40,,00:00:00,52224,408,,,,normal,0,/home/test_user18/stochsimsched,,,,,,,batch-cpu,None,00:00:00,1,,,0:0,,,1M,1,1,01:05:02,249728,128,00:00:00,64,00:00:00,,,billing=64;cpu=64;mem=1M;node=1,billing=128;cpu=128;node=1,,,SchedBackfill;StartReceived,,,
1010,1010,489,test_user11,testing,test_user11-ReGT,82,2025-07-29T17:10:43,2025-07-29T21:38:32,2025-07-29T22:06:12,COMPLETED,0:0,1,system_testing,86400,2025-07-29T17:10:43,,00:00:00,212480,1660,,,,normal,0,/home/test_user11/stochsimsched,,,,,,,batch-cpu,None,00:00:00,1,,,0:0,,,1M,1,1,04:27:49,1028416,128,00:00:00,64,00:00:00,,,billing=64;cpu=64;mem=1M;node=1,billing=128;cpu=128;node=1,,,SchedBackfill;StartReceived,,,
1015,1015,490,test_user16,testing,test_user16-DeAs,80,2025-07-29T17:10:53,2025-07-29T22:10:23,2025-07-29T23:04:52,COMPLETED,0:0,1,system_testing,86400,2025-07-29T17:10:53,,00:00:00,2510592,3269,,,,normal,0,/home/test_user16/stochsimsched,,,,,,,batch-cpu,None,00:00:00,6,,,0:0,,,6M,6,6,04:59:30,6900480,768,00:00:00,384,00:00:00,,,billing=384;cpu=384;mem=6M;node=6,billing=768;cpu=768;node=6,,,SchedMain;StartReceived,,,
1011,1011,491,test_user12,testing,test_user12-ZJCa,65,2025-07-29T17:11:08,2025-07-29T22:13:12,2025-07-29T22:59:28,COMPLETED,0:0,1,system_testing,86400,2025-07-29T17:11:08,,00:00:00,1065984,2776,,,,normal,0,/home/test_user12/stochsimsched,,,,,,,batch-cpu,None,00:00:00,3,,,0:0,,,3M,3,3,05:02:04,3479808,384,00:00:00,192,00:00:00,,,billing=192;cpu=192;mem=3M;node=3,billing=384;cpu=384;node=3,,,SchedMain;StartReceived,,,
1009,1009,492,test_user10,testing,test_user10-4m7q,36,2025-07-29T17:11:26,2025-07-29T18:15:42,2025-07-29T18:44:45,COMPLETED,0:0,1,system_testing,86400,2025-07-29T17:11:26,,00:00:00,223104,1743,,,,normal,0,/home/test_user10/stochsimsched,,,,,,,batch-cpu,None,00:00:00,1,,,0:0,,,1M,1,1,01:04:16,246784,128,00:00:00,64,00:00:00,,,billing=64;cpu=64;mem=1M;node=1,billing=128;cpu=128;node=1,,,SchedBackfill;StartReceived,,,
1019,1019,493,test_user20,testing,test_user20-Dsy9,66,2025-07-29T17:11:30,2025-07-29T22:29:52,2025-07-29T23:31:18,COMPLETED,0:0,1,system_testing,86400,2025-07-29T17:11:30,,00:00:00,1415424,3686,,,,normal,0,/home/test_user20/stochsimsched,,,,,,,batch-cpu,None,00:00:00,3,,,0:0,,,3M,3,3,05:18:22,3667584,384,00:00:00,192,00:00:00,,,billing=192;cpu=192;mem=3M;node=3,billing=384;cpu=384;node=3,,,SchedMain;StartReceived,,,
1016,1016,494,test_user17,testing,test_user17-lO8e,47,2025-07-29T17:11:38,2025-07-29T22:40:08,2025-07-29T23:27:02,COMPLETED,0:0,1,system_testing,86400,2025-07-29T17:11:38,,00:00:00,2881536,2814,,,,normal,0,/home/test_user17/stochsimsched,,,,,,,batch-cpu,None,00:00:00,8,,,0:0,,,8M,8,8,05:28:30,10091520,1024,00:00:00,512,00:00:00,,,billing=512;cpu=512;mem=8M;node=8,billing=1024;cpu=1024;node=8,,,SchedMain;StartReceived,,,
1007,1007,495,test_user8,testing,test_user8-q2z7,81,2025-07-29T17:11:42,2025-07-29T23:04:52,2025-07-29T23:34:47,COMPLETED,0:0,1,system_testing,86400,2025-07-29T17:11:42,,00:00:00,1378560,1795,,,,normal,0,/home/test_user8/stochsimsched,,,,,,,batch-cpu,None,00:00:00,6,,,0:0,,,6M,6,6,05:53:10,8136960,768,00:00:00,384,00:00:00,,,billing=384;cpu=384;mem=6M;node=6,billing=768;cpu=768;node=6,,,SchedMain;StartReceived,,,
1002,1002,496,test_user3,testing,test_user3-b5nC,15,2025-07-29T17:12:02,2025-07-29T23:27:02,2025-07-29T23:35:08,COMPLETED,0:0,1,system_testing,86400,2025-07-29T17:12:02,,00:00:00,435456,486,,,,normal,0,/home/test_user3/stochsimsched,,,,,,,batch-cpu,None,00:00:00,7,,,0:0,,,7M,7,7,06:15:00,10080000,896,00:00:00,448,00:00:00,,,billing=448;cpu=448;mem=7M;node=7,billing=896;cpu=896;node=7,,,SchedMain;StartReceived,,,
1001,1001,497,test_user2,testing,test_user2-IBxN,52,2025-07-29T17:12:05,2025-07-29T20:06:21,2025-07-29T20:09:36,COMPLETED,0:0,1,system_testing,86400,2025-07-29T17:12:05,,00:00:00,99840,195,,,,normal,0,/home/test_user2/stochsimsched,,,,,,,batch-cpu,None,00:00:00,4,,,0:0,,,4M,4,4,02:54:16,2676736,512,00:00:00,256,00:00:00,,,billing=256;cpu=256;mem=4M;node=4,billing=512;cpu=512;node=4,,,SchedBackfill;StartReceived,,,
1017,1017,498,test_user18,testing,test_user18-vtqj,69,2025-07-29T17:12:25,2025-07-29T23:31:18,2025-07-30T00:17:01,COMPLETED,0:0,1,system_testing,86400,2025-07-29T17:12:25,,00:00:00,2106624,2743,,,,normal,0,/home/test_user18/stochsimsched,,,,,,,batch-cpu,None,00:00:00,6,,,0:0,,,6M,6,6,06:18:53,8729472,768,00:00:00,384,00:00:00,,,billing=384;cpu=384;mem=6M;node=6,billing=768;cpu=768;node=6,,,SchedMain;StartReceived,,,
1014,1014,499,test_user15,testing,test_user15-JU6D,68,2025-07-29T17:12:26,2025-07-29T23:35:08,2025-07-30T00:19:07,COMPLETED,0:0,1,system_testing,86400,2025-07-29T17:12:26,,00:00:00,2364544,2639,,,,normal,0,/home/test_user15/stochsimsched,,,,,,,batch-cpu,None,00:00:00,7,,,0:0,,,7M,7,7,06:22:42,10286976,896,00:00:00,448,00:00:00,,,billing=448;cpu=448;mem=7M;node=7,billing=896;cpu=896;node=7,,,SchedMain;StartReceived,,,
1018,1018,500,test_user19,testing,test_user19-Jbhl,51,2025-07-29T17:12:29,2025-07-29T18:22:42,2025-07-29T18:55:04,COMPLETED,0:0,1,system_testing,86400,2025-07-29T17:12:29,,00:00:00,248576,1942,,,,normal,0,/home/test_user19/stochsimsched,,,,,,,batch-cpu,None,00:00:00,1,,,0:0,,,1M,1,1,01:10:13,269632,128,00:00:00,64,00:00:00,,,billing=64;cpu=64;mem=1M;node=1,billing=128;cpu=128;node=1,,,SchedBackfill;StartReceived,,,
1013,1013,501,test_user14,testing,test_user14-jsgd,40,2025-07-29T17:12:42,2025-07-29T21:09:29,2025-07-29T21:34:31,COMPLETED,0:0,1,system_testing,86400,2025-07-29T17:12:42,,00:00:00,1153536,1502,,,,normal,0,/home/test_user14/stochsimsched,,,,,,,batch-cpu,None,00:00:00,6,,,0:0,,,6M,6,6,03:56:47,5455488,768,00:00:00,384,00:00:00,,,billing=384;cpu=384;mem=6M;node=6,billing=768;cpu=768;node=6,,,SchedBackfill;StartReceived,,,
1012,1012,502,test_user13,testing,test_user13-Mx6t,94,2025-07-29T17:12:43,2025-07-29T23:35:08,2025-07-30T00:18:17,COMPLETED,0:0,1,system_testing,86400,2025-07-29T17:12:43,,00:00:00,1988352,2589,,,,normal,0,/home/test_user13/stochsimsched,,,,,,,batch-cpu,None,00:00:00,6,,,0:0,,,6M,6,6,06:22:25,8810880,768,00:00:00,384,00:00:00,,,billing=384;cpu=384;mem=6M;node=6,billing=768;cpu=768;node=6,,,SchedMain;StartReceived,,,
1000,1000,503,test_user1,testing,test_user1-FpDE,115,2025-07-29T17:12:55,2025-07-30T00:26:01,2025-07-30T02:18:23,COMPLETED,0:0,1,system_testing,86400,2025-07-29T17:12:55,,00:00:00,6903808,6742,,,,normal,0,/home/test_user1/stochsimsched,,,,,,,batch-cpu,None,00:00:00,8,,,0:0,,,8M,8,8,07:13:06,13304832,1024,00:00:00,512,00:00:00,,,billing=512;cpu=512;mem=8M;node=8,billing=1024;cpu=1024;node=8,,,SchedMain;StartReceived,,,
1004,1004,504,test_user5,testing,test_user5-Bsoi,86,2025-07-29T17:13:05,2025-07-30T00:36:13,2025-07-30T00:39:32,COMPLETED,0:0,1,system_testing,86400,2025-07-29T17:13:05,,00:00:00,178304,199,,,,normal,0,/home/test_user5/stochsimsched,,,,,,,batch-cpu,None,00:00:00,7,,,0:0,,,7M,7,7,07:23:08,11911424,896,00:00:00,448,00:00:00,,,billing=448;cpu=448;mem=7M;node=7,billing=896;cpu=896;node=7,,,SchedMain;StartReceived,,,
1005,1005,505,test_user6,testing,test_user6-gCL9,78,2025-07-29T17:13:28,2025-07-30T00:39:32,2025-07-30T01:47:37,COMPLETED,0:0,1,system_testing,86400,2025-07-29T17:13:28,,00:00:00,3660160,4085,,,,normal,0,/home/test_user6/stochsimsched,,,,,,,batch-cpu,None,00:00:00,7,,,0:0,,,7M,7,7,07:26:04,11990272,896,00:00:00,448,00:00:00,,,billing=448;cpu=448;mem=7M;node=7,billing=896;cpu=896;node=7,,,SchedMain;StartReceived,,,
1018,1018,506,test_user19,testing,test_user19-yKNw,96,2025-07-29T17:13:35,2025-07-30T00:17:22,2025-07-30T01:13:47,COMPLETED,0:0,1,system_testing,86400,2025-07-29T17:13:35,,00:00:00,1299840,3385,,,,normal,0,/home/test_user19/stochsimsched,,,,,,,batch-cpu,None,00:00:00,3,,,0:0,,,3M,3,3,07:03:47,4881984,384,00:00:00,192,00:00:00,,,billing=192;cpu=192;mem=3M;node=3,billing=384;cpu=384;node=3,,,SchedBackfill;StartReceived,,,
1006,1006,507,test_user7,testing,test_user7-xUhK,96,2025-07-29T17:13:35,2025-07-30T01:50:51,2025-07-30T03:24:02,COMPLETED,0:0,1,system_testing,86400,2025-07-29T17:13:35,,00:00:00,5725184,5591,,,,normal,0,/home/test_user7/stochsimsched,,,,,,,batch-cpu,None,00:00:00,8,,,0:0,,,8M,8,8,08:37:16,15890432,1024,00:00:00,512,00:00:00,,,billing=512;cpu=512;mem=8M;node=8,billing=1024;cpu=1024;node=8,,,SchedMain;StartReceived,,,
1017,1017,508,test_user18,testing,test_user18-fIEV,56,2025-07-29T17:13:51,2025-07-30T02:18:23,2025-07-30T03:04:34,COMPLETED,0:0,1,system_testing,86400,2025-07-29T17:13:51,,00:00:00,2128128,2771,,,,normal,0,/home/test_user18/stochsimsched,,,,,,,batch-cpu,None,00:00:00,6,,,0:0,,,6M,6,6,09:04:32,12546048,768,00:00:00,384,00:00:00,,,billing=384;cpu=384;mem=6M;node=6,billing=768;cpu=768;node=6,,,SchedMain;StartReceived,,,
1011,1011,509,test_user12,testing,test_user12-GycW,17,2025-07-29T17:13:56,2025-07-29T17:17:39,2025-07-29T17:34:14,COMPLETED,0:0,1,system_testing,86400,2025-07-29T17:13:56,,00:00:00,509440,995,,,,normal,0,/home/test_user12/stochsimsched,,,,,,,batch-cpu,None,00:00:00,4,,,0:0,,,4M,4,4,00:03:43,57088,512,00:00:00,256,00:00:00,,,billing=256;cpu=256;mem=4M;node=4,billing=512;cpu=512;node=4,,,SchedBackfill;StartReceived,,,
1014,1014,510,test_user15,testing,test_user15-znaR,113,2025-07-29T17:14:02,2025-07-30T02:18:23,2025-07-30T02:38:49,COMPLETED,0:0,1,system_testing,86400,2025-07-29T17:14:02,,00:00:00,941568,1226,,,,normal,0,/home/test_user15/stochsimsched,,,,,,,batch-cpu,None,00:00:00,6,,,0:0,,,6M,6,6,09:04:21,12541824,768,00:00:00,384,00:00:00,,,billing=384;cpu=384;mem=6M;node=6,billing=768;cpu=768;node=6,,,SchedMain;StartReceived,,,
1003,1003,511,test_user4,testing,test_user4-2skj,36,2025-07-29T17:14:21,2025-07-29T18:32:42,2025-07-29T18:45:22,COMPLETED,0:0,1,system_testing,86400,2025-07-29T17:14:21,,00:00:00,97280,760,,,,normal,0,/home/test_user4/stochsimsched,,,,,,,batch-cpu,None,00:00:00,1,,,0:0,,,1M,1,1,01:18:21,300864,128,00:00:00,64,00:00:00,,,billing=64;cpu=64;mem=1M;node=1,billing=128;cpu=128;node=1,,,SchedBackfill;StartReceived,,,
1000,1000,512,test_user1,testing,test_user1-4PY9,89,2025-07-29T17:14:40,2025-07-30T02:38:49,2025-07-30T02:58:03,COMPLETED,0:0,1,system_testing,86400,2025-07-29T17:14:40,,00:00:00,738560,1154,,,,normal,0,/home/test_user1/stochsimsched,,,,,,,batch-cpu,None,00:00:00,5,,,0:0,,,5M,5,5,09:24:09,10831680,640,00:00:00,320,00:00:00,,,billing=320;cpu=320;mem=5M;node=5,billing=640;cpu=640;node=5,,,SchedMain;StartReceived,,,
1015,1015,513,test_user16,testing,test_user16-t36p,69,2025-07-29T17:14:58,2025-07-30T02:58:03,2025-07-30T03:39:42,COMPLETED,0:0,1,system_testing,86400,2025-07-29T17:14:58,,00:00:00,1279488,2499,,,,normal,0,/home/test_user16/stochsimsched,,,,,,,batch-cpu,None,00:00:00,4,,,0:0,,,4M,4,4,09:43:05,8956160,512,00:00:00,256,00:00:00,,,billing=256;cpu=256;mem=4M;node=4,billing=512;cpu=512;node=4,,,SchedMain;StartReceived,,,
1016,1016,514,test_user17,testing,test_user17-4hdA,36,2025-07-29T17:15:09,2025-07-29T18:45:13,2025-07-29T19:05:01,COMPLETED,0:0,1,system_testing,86400,2025-07-29T17:15:09,,00:00:00,152064,1188,,,,normal,0,/home/test_user17/stochsimsched,,,,,,,batch-cpu,None,00:00:00,1,,,0:0,,,1M,1,1,01:30:04,345856,128,00:00:00,64,00:00:00,,,billing=64;cpu=64;mem=1M;node=1,billing=128;cpu=128;node=1,,,SchedBackfill;StartReceived,,,
1010,1010,515,test_user11,testing,test_user11-7yFm,58,2025-07-29T17:15:09,2025-07-29T20:03:20,2025-07-29T20:44:04,COMPLETED,0:0,1,system_testing,86400,2025-07-29T17:15:09,,00:00:00,312832,2444,,,,normal,0,/home/test_user11/stochsimsched,,,,,,,batch-cpu,None,00:00:00,1,,,0:0,,,1M,1,1,02:48:11,645824,128,00:00:00,64,00:00:00,,,billing=64;cpu=64;mem=1M;node=1,billing=128;cpu=128;node=1,,,SchedBackfill;StartReceived,,,
1008,1008,516,test_user9,testing,test_user9-gl0O,109,2025-07-29T17:15:11,2025-07-30T03:04:34,2025-07-30T04:33:26,COMPLETED,0:0,1,system_testing,86400,2025-07-29T17:15:11,,00:00:00,3412480,5332,,,,normal,0,/home/test_user9/stochsimsched,,,,,,,batch-cpu,None,00:00:00,5,,,0:0,,,5M,5,5,09:49:23,11316160,640,00:00:00,320,00:00:00,,,billing=320;cpu=320;mem=5M;node=5,billing=640;cpu=640;node=5,,,SchedMain;StartReceived,,,
1007,1007,517,test_user8,testing,test_user8-QESg,87,2025-07-29T17:15:13,2025-07-30T03:24:02,2025-07-30T04:08:58,COMPLETED,0:0,1,system_testing,86400,2025-07-29T17:15:13,,00:00:00,1725440,2696,,,,normal,0,/home/test_user8/stochsimsched,,,,,,,batch-cpu,None,00:00:00,5,,,0:0,,,5M,5,5,10:08:49,11689280,640,00:00:00,320,00:00:00,,,billing=320;cpu=320;mem=5M;node=5,billing=640;cpu=640;node=5,,,SchedMain;StartReceived,,,
1019,1019,518,test_user20,testing,test_user20-zZyp,53,2025-07-29T17:15:13,2025-07-29T20:09:51,2025-07-29T20:14:17,COMPLETED,0:0,1,system_testing,86400,2025-07-29T17:15:13,,00:00:00,136192,266,,,,normal,0,/home/test_user20/stochsimsched,,,,,,,batch-cpu,None,00:00:00,4,,,0:0,,,4M,4,4,02:54:38,2682368,512,00:00:00,256,00:00:00,,,billing=256;cpu=256;mem=4M;node=4,billing=512;cpu=512;node=4,,,SchedBackfill;StartReceived,,,
1013,1013,519,test_user14,testing,test_user14-vRtG,8,2025-07-29T17:15:20,2025-07-29T19:15:46,2025-07-29T19:22:37,COMPLETED,0:0,1,system_testing,86400,2025-07-29T17:15:20,,00:00:00,210432,411,,,,normal,0,/home/test_user14/stochsimsched,,,,,,,batch-cpu,None,00:00:00,4,,,0:0,,,4M,4,4,02:00:26,1849856,512,00:00:00,256,00:00:00,,,billing=256;cpu=256;mem=4M;node=4,billing=512;cpu=512;node=4,,,SchedBackfill;StartReceived,,,
1006,1006,520,test_user7,testing,test_user7-bnzZ,6,2025-07-29T17:15:29,2025-07-29T19:44:19,2025-07-29T19:49:29,COMPLETED,0:0,1,system_testing,86400,2025-07-29T17:15:29,,00:00:00,198400,310,,,,normal,0,/home/test_user7/stochsimsched,,,,,,,batch-cpu,None,00:00:00,5,,,0:0,,,5M,5,5,02:28:50,2857600,640,00:00:00,320,00:00:00,,,billing=320;cpu=320;mem=5M;node=5,billing=640;cpu=640;node=5,,,SchedBackfill;StartReceived,,,
1009,1009,521,test_user10,testing,test_user10-9W5Y,34,2025-07-29T17:15:39,2025-07-29T20:14:22,2025-07-29T20:29:26,COMPLETED,0:0,1,system_testing,86400,2025-07-29T17:15:39,,00:00:00,231424,904,,,,normal,0,/home/test_user10/stochsimsched,,,,,,,batch-cpu,None,00:00:00,2,,,0:0,,,2M,2,2,02:58:43,1372544,256,00:00:00,128,00:00:00,,,billing=128;cpu=128;mem=2M;node=2,billing=256;cpu=256;node=2,,,SchedBackfill;StartReceived,,,
1001,1001,522,test_user2,testing,test_user2-Deio,106,2025-07-29T17:15:40,2025-07-30T04:01:36,2025-07-30T04:59:19,COMPLETED,0:0,1,system_testing,86400,2025-07-29T17:15:40,,00:00:00,3546112,3463,,,,normal,0,/home/test_user2/stochsimsched,,,,,,,batch-cpu,None,00:00:00,8,,,0:0,,,8M,8,8,10:45:56,19843072,1024,00:00:00,512,00:00:00,,,billing=512;cpu=512;mem=8M;node=8,billing=1024;cpu=1024;node=8,,,SchedMain;StartReceived,,,
1005,1005,523,test_user6,testing,test_user6-JDrv,114,2025-07-29T17:15:45,2025-07-29T23:27:15,2025-07-29T23:36:46,COMPLETED,0:0,1,system_testing,86400,2025-07-29T17:15:45,,00:00:00,73088,571,,,,normal,0,/home/test_user6/stochsimsched,,,,,,,batch-cpu,None,00:00:00,1,,,0:0,,,1M,1,1,06:11:30,1426560,128,00:00:00,64,00:00:00,,,billing=64;cpu=64;mem=1M;node=1,billing=128;cpu=128;node=1,,,SchedBackfill;StartReceived,,,
1018,1018,524,test_user19,testing,test_user19-51ol,117,2025-07-29T17:15:53,2025-07-30T04:08:58,2025-07-30T04:17:51,COMPLETED,0:0,1,system_testing,86400,2025-07-29T17:15:53,,00:00:00,341120,533,,,,normal,0,/home/test_user19/stochsimsched,,,,,,,batch-cpu,None,00:00:00,5,,,0:0,,,5M,5,5,10:53:05,12539200,640,00:00:00,320,00:00:00,,,billing=320;cpu=320;mem=5M;node=5,billing=640;cpu=640;node=5,,,SchedMain;StartReceived,,,
1003,1003,525,test_user4,testing,test_user4-iOi0,97,2025-07-29T17:15:59,2025-07-30T04:17:51,2025-07-30T04:51:26,COMPLETED,0:0,1,system_testing,86400,2025-07-29T17:15:59,,00:00:00,1031680,2015,,,,normal,0,/home/test_user4/stochsimsched,,,,,,,batch-cpu,None,00:00:00,4,,,0:0,,,4M,4,4,11:01:52,10166272,512,00:00:00,256,00:00:00,,,billing=256;cpu=256;mem=4M;node=4,billing=512;cpu=512;node=4,,,SchedMain;StartReceived,,,
1002,1002,526,test_user3,testing,test_user3-eStH,115,2025-07-29T17:16:03,2025-07-30T04:44:17,2025-07-30T05:54:48,COMPLETED,0:0,1,system_testing,86400,2025-07-29T17:16:03,,00:00:00,3249408,4231,,,,normal,0,/home/test_user3/stochsimsched,,,,,,,batch-cpu,None,00:00:00,6,,,0:0,,,6M,6,6,11:28:14,15856896,768,00:00:00,384,00:00:00,,,billing=384;cpu=384;mem=6M;node=6,billing=768;cpu=768;node=6,,,SchedMain;StartReceived,,,
1000,1000,527,test_user1,testing,test_user1-o1ZN,103,2025-07-29T17:16:06,2025-07-30T04:51:26,2025-07-30T05:46:42,COMPLETED,0:0,1,system_testing,86400,2025-07-29T17:16:06,,00:00:00,1697792,3316,,,,normal,0,/home/test_user1/stochsimsched,,,,,,,batch-cpu,None,00:00:00,4,,,0:0,,,4M,4,4,11:35:20,10680320,512,00:00:00,256,00:00:00,,,billing=256;cpu=256;mem=4M;node=4,billing=512;cpu=512;node=4,,,SchedMain;StartReceived,,,
1012,1012,528,test_user13,testing,test_user13-JZFa,38,2025-07-29T17:16:13,2025-07-30T04:59:19,2025-07-30T05:07:57,COMPLETED,0:0,1,system_testing,86400,2025-07-29T17:16:13,,00:00:00,530432,518,,,,normal,0,/home/test_user13/stochsimsched,,,,,,,batch-cpu,None,00:00:00,8,,,0:0,,,8M,8,8,11:43:06,21599232,1024,00:00:00,512,00:00:00,,,billing=512;cpu=512;mem=8M;node=8,billing=1024;cpu=1024;node=8,,,SchedMain;StartReceived,,,
1011,1011,529,test_user12,testing,test_user12-lGfm,46,2025-07-29T17:16:19,2025-07-30T05:07:57,2025-07-30T05:23:04,COMPLETED,0:0,1,system_testing,86400,2025-07-29T17:16:19,,00:00:00,580480,907,,,,normal,0,/home/test_user12/stochsimsched,,,,,,,batch-cpu,None,00:00:00,5,,,0:0,,,5M,5,5,11:51:38,13663360,640,00:00:00,320,00:00:00,,,billing=320;cpu=320;mem=5M;node=5,billing=640;cpu=640;node=5,,,SchedMain;StartReceived,,,
1004,1004,530,test_user5,testing,test_user5-jvCL,77,2025-07-29T17:16:29,2025-07-30T03:20:14,2025-07-30T04:28:04,COMPLETED,0:0,1,system_testing,86400,2025-07-29T17:16:29,,00:00:00,1041920,4070,,,,normal,0,/home/test_user5/stochsimsched,,,,,,,batch-cpu,None,00:00:00,2,,,0:0,,,2M,2,2,10:03:45,4636800,256,00:00:00,128,00:00:00,,,billing=128;cpu=128;mem=2M;node=2,billing=256;cpu=256;node=2,,,SchedBackfill;StartReceived,,,
1013,1013,531,test_user14,testing,test_user14-LYsn,76,2025-07-29T17:16:30,2025-07-30T04:28:22,2025-07-30T04:40:35,COMPLETED,0:0,1,system_testing,86400,2025-07-29T17:16:30,,00:00:00,187648,733,,,,normal,0,/home/test_user14/stochsimsched,,,,,,,batch-cpu,None,00:00:00,2,,,0:0,,,2M,2,2,11:11:52,5159936,256,00:00:00,128,00:00:00,,,billing=128;cpu=128;mem=2M;node=2,billing=256;cpu=256;node=2,,,SchedBackfill;StartReceived,,,
1001,1001,532,test_user2,testing,test_user2-zeGg,109,2025-07-29T17:16:50,2025-07-29T23:36:47,2025-07-29T23:55:32,COMPLETED,0:0,1,system_testing,86400,2025-07-29T17:16:50,,00:00:00,144000,1125,,,,normal,0,/home/test_user2/stochsimsched,,,,,,,batch-cpu,None,00:00:00,1,,,0:0,,,1M,1,1,06:19:57,1459008,128,00:00:00,64,00:00:00,,,billing=64;cpu=64;mem=1M;node=1,billing=128;cpu=128;node=1,,,SchedBackfill;StartReceived,,,
1008,1008,533,test_user9,testing,test_user9-7eZQ,57,2025-07-29T17:17:04,2025-07-30T01:13:58,2025-07-30T01:31:59,COMPLETED,0:0,1,system_testing,86400,2025-07-29T17:17:04,,00:00:00,276736,1081,,,,normal,0,/home/test_user9/stochsimsched,,,,,,,batch-cpu,None,00:00:00,2,,,0:0,,,2M,2,2,07:56:54,3662592,256,00:00:00,128,00:00:00,,,billing=128;cpu=128;mem=2M;node=2,billing=256;cpu=256;node=2,,,SchedBackfill;StartReceived,,,
1016,1016,534,test_user17,testing,test_user17-U49N,19,2025-07-29T17:17:17,2025-07-30T00:18:22,2025-07-30T00:21:35,COMPLETED,0:0,1,system_testing,86400,2025-07-29T17:17:17,,00:00:00,123520,193,,,,normal,0,/home/test_user17/stochsimsched,,,,,,,batch-cpu,None,00:00:00,5,,,0:0,,,5M,5,5,07:01:05,8084800,640,00:00:00,320,00:00:00,,,billing=320;cpu=320;mem=5M;node=5,billing=640;cpu=640;node=5,,,SchedBackfill;StartReceived,,,
1012,1012,535,test_user13,testing,test_user13-TbjP,88,2025-07-29T17:17:20,2025-07-30T05:23:04,2025-07-30T05:47:36,COMPLETED,0:0,1,system_testing,86400,2025-07-29T17:17:20,,00:00:00,753664,1472,,,,normal,0,/home/test_user13/stochsimsched,,,,,,,batch-cpu,None,00:00:00,4,,,0:0,,,4M,4,4,12:05:44,11147264,512,00:00:00,256,00:00:00,,,billing=256;cpu=256;mem=4M;node=4,billing=512;cpu=512;node=4,,,SchedMain;StartReceived,,,
1015,1015,536,test_user16,testing,test_user16-3Pp5,119,2025-07-29T17:17:23,2025-07-30T05:25:30,2025-07-30T06:29:11,COMPLETED,0:0,1,system_testing,86400,2025-07-29T17:17:23,,00:00:00,1956352,3821,,,,normal,0,/home/test_user16/stochsimsched,,,,,,,batch-cpu,None,00:00:00,4,,,0:0,,,4M,4,4,12:08:07,11183872,512,00:00:00,256,00:00:00,,,billing=256;cpu=256;mem=4M;node=4,billing=512;cpu=512;node=4,,,SchedMain;StartReceived,,,
1009,1009,537,test_user10,testing,test_user10-Xrwc,58,2025-07-29T17:17:47,2025-07-30T04:41:24,2025-07-30T04:51:15,COMPLETED,0:0,1,system_testing,86400,2025-07-29T17:17:47,,00:00:00,151296,591,,,,normal,0,/home/test_user10/stochsimsched,,,,,,,batch-cpu,None,00:00:00,2,,,0:0,,,2M,2,2,11:23:37,5250176,256,00:00:00,128,00:00:00,,,billing=128;cpu=128;mem=2M;node=2,billing=256;cpu=256;node=2,,,SchedBackfill;StartReceived,,,
1005,1005,538,test_user6,testing,test_user6-kFKX,9,2025-07-29T17:17:59,2025-07-30T00:19:22,2025-07-30T00:26:01,COMPLETED,0:0,1,system_testing,86400,2025-07-29T17:17:59,,00:00:00,357504,399,,,,normal,0,/home/test_user6/stochsimsched,,,,,,,batch-cpu,None,00:00:00,7,,,0:0,,,7M,7,7,07:01:23,11326784,896,00:00:00,448,00:00:00,,,billing=448;cpu=448;mem=7M;node=7,billing=896;cpu=896;node=7,,,SchedBackfill;StartReceived,,,
1014,1014,539,test_user15,testing,test_user15-JEfX,10,2025-07-29T17:18:00,2025-07-29T19:49:49,2025-07-29T19:58:24,COMPLETED,0:0,1,system_testing,86400,2025-07-29T17:18:00,,00:00:00,197760,515,,,,normal,0,/home/test_user15/stochsimsched,,,,,,,batch-cpu,None,00:00:00,3,,,0:0,,,3M,3,3,02:31:49,1748928,384,00:00:00,192,00:00:00,,,billing=192;cpu=192;mem=3M;node=3,billing=384;cpu=384;node=3,,,SchedBackfill;StartReceived,,,
1017,1017,540,test_user18,testing,test_user18-YxQT,87,2025-07-29T17:18:08,2025-07-30T00:51:56,2025-07-30T02:02:52,COMPLETED,0:0,1,system_testing,86400,2025-07-29T17:18:08,,00:00:00,544768,4256,,,,normal,0,/home/test_user18/stochsimsched,,,,,,,batch-cpu,None,00:00:00,1,,,0:0,,,1M,1,1,07:33:48,1742592,128,00:00:00,64,00:00:00,,,billing=64;cpu=64;mem=1M;node=1,billing=128;cpu=128;node=1,,,SchedBackfill;StartReceived,,,
1015,1015,541,test_user16,testing,test_user16-BoFL,39,2025-07-29T17:18:24,2025-07-30T06:02:37,2025-07-30T06:15:46,COMPLETED,0:0,1,system_testing,86400,2025-07-29T17:18:24,,00:00:00,706944,789,,,,normal,0,/home/test_user16/stochsimsched,,,,,,,batch-cpu,None,00:00:00,7,,,0:0,,,7M,7,7,12:44:13,20542144,896,00:00:00,448,00:00:00,,,billing=448;cpu=448;mem=7M;node=7,billing=896;cpu=896;node=7,,,SchedMain;StartReceived,,,
1016,1016,542,test_user17,testing,test_user17-bKXw,106,2025-07-29T17:18:25,2025-07-30T05:58:03,2025-07-30T06:31:26,COMPLETED,0:0,1,system_testing,86400,2025-07-29T17:18:25,,00:00:00,769152,2003,,,,normal,0,/home/test_user17/stochsimsched,,,,,,,batch-cpu,None,00:00:00,3,,,0:0,,,3M,3,3,12:39:38,8750976,384,00:00:00,192,00:00:00,,,billing=192;cpu=192;mem=3M;node=3,billing=384;cpu=384;node=3,,,SchedBackfill;StartReceived,,,
1007,1007,543,test_user8,testing,test_user8-Bb9e,111,2025-07-29T17:18:42,2025-07-30T06:05:23,2025-07-30T07:54:10,COMPLETED,0:0,1,system_testing,86400,2025-07-29T17:18:42,,00:00:00,5012736,6527,,,,normal,0,/home/test_user8/stochsimsched,,,,,,,batch-cpu,None,00:00:00,6,,,0:0,,,6M,6,6,12:46:41,17664384,768,00:00:00,384,00:00:00,,,billing=384;cpu=384;mem=6M;node=6,billing=768;cpu=768;node=6,,,SchedMain;StartReceived,,,
1001,1001,544,test_user2,testing,test_user2-3lVX,9,2025-07-29T17:18:59,2025-07-29T21:03:28,2025-07-29T21:09:00,COMPLETED,0:0,1,system_testing,86400,2025-07-29T17:18:59,,00:00:00,212480,332,,,,normal,0,/home/test_user2/stochsimsched,,,,,,,batch-cpu,None,00:00:00,5,,,0:0,,,5M,5,5,03:44:29,4310080,640,00:00:00,320,00:00:00,,,billing=320;cpu=320;mem=5M;node=5,billing=640;cpu=640;node=5,,,SchedBackfill;StartReceived,,,
1006,1006,545,test_user7,testing,test_user7-uasV,83,2025-07-29T17:19:04,2025-07-30T06:53:02,2025-07-30T07:03:39,COMPLETED,0:0,1,system_testing,86400,2025-07-29T17:19:04,,00:00:00,652288,637,,,,normal,0,/home/test_user7/stochsimsched,,,,,,,batch-cpu,None,00:00:00,8,,,0:0,,,8M,8,8,13:33:58,25005056,1024,00:00:00,512,00:00:00,,,billing=512;cpu=512;mem=8M;node=8,billing=1024;cpu=1024;node=8,,,SchedMain;StartReceived,,,
1010,1010,546,test_user11,testing,test_user11-9GXW,84,2025-07-29T17:19:12,2025-07-30T06:56:42,2025-07-30T07:56:40,COMPLETED,0:0,1,system_testing,86400,2025-07-29T17:19:12,,00:00:00,2763264,3598,,,,normal,0,/home/test_user11/stochsimsched,,,,,,,batch-cpu,None,00:00:00,6,,,0:0,,,6M,6,6,13:37:30,18835200,768,00:00:00,384,00:00:00,,,billing=384;cpu=384;mem=6M;node=6,billing=768;cpu=768;node=6,,,SchedMain;StartReceived,,,
1019,1019,547,test_user20,testing,test_user20-Mfwq,78,2025-07-29T17:19:15,2025-07-30T07:03:39,2025-07-30T07:35:58,COMPLETED,0:0,1,system_testing,86400,2025-07-29T17:19:15,,00:00:00,1737344,1939,,,,normal,0,/home/test_user20/stochsimsched,,,,,,,batch-cpu,None,00:00:00,7,,,0:0,,,7M,7,7,13:44:24,22159872,896,00:00:00,448,00:00:00,,,billing=448;cpu=448;mem=7M;node=7,billing=896;cpu=896;node=7,,,SchedMain;StartReceived,,,
1011,1011,548,test_user12,testing,test_user12-7vIe,85,2025-07-29T17:19:25,2025-07-30T07:35:58,2025-07-30T08:05:15,COMPLETED,0:0,1,system_testing,86400,2025-07-29T17:19:25,,00:00:00,1124480,1757,,,,normal,0,/home/test_user12/stochsimsched,,,,,,,batch-cpu,None,00:00:00,5,,,0:0,,,5M,5,5,14:16:33,16445760,640,00:00:00,320,00:00:00,,,billing=320;cpu=320;mem=5M;node=5,billing=640;cpu=640;node=5,,,SchedMain;StartReceived,,,
1008,1008,549,test_user9,testing,test_user9-zL77,22,2025-07-29T17:19:44,2025-07-29T21:34:31,2025-07-29T21:39:53,COMPLETED,0:0,1,system_testing,86400,2025-07-29T17:19:44,,00:00:00,164864,322,,,,normal,0,/home/test_user9/stochsimsched,,,,,,,batch-cpu,None,00:00:00,4,,,0:0,,,4M,4,4,04:14:47,3913472,512,00:00:00,256,00:00:00,,,billing=256;cpu=256;mem=4M;node=4,billing=512;cpu=512;node=4,,,SchedBackfill;StartReceived,,,
1002,1002,550,test_user3,testing,test_user3-Kbsn,101,2025-07-29T17:19:45,2025-07-30T07:54:10,2025-07-30T09:18:35,COMPLETED,0:0,1,system_testing,86400,2025-07-29T17:19:45,,00:00:00,3241600,5065,,,,normal,0,/home/test_user3/stochsimsched,,,,,,,batch-cpu,None,00:00:00,5,,,0:0,,,5M,5,5,14:34:25,16788800,640,00:00:00,320,00:00:00,,,billing=320;cpu=320;mem=5M;node=5,billing=640;cpu=640;node=5,,,SchedMain;StartReceived,,,
1017,1017,551,test_user18,testing,test_user18-CStf,107,2025-07-29T17:19:48,2025-07-30T07:54:10,2025-07-30T09:27:30,COMPLETED,0:0,1,system_testing,86400,2025-07-29T17:19:48,,00:00:00,2150400,5600,,,,normal,0,/home/test_user18/stochsimsched,,,,,,,batch-cpu,None,00:00:00,3,,,0:0,,,3M,3,3,14:34:22,10072704,384,00:00:00,192,00:00:00,,,billing=192;cpu=192;mem=3M;node=3,billing=384;cpu=384;node=3,,,SchedMain;StartReceived,,,
1003,1003,552,test_user4,testing,test_user4-RIj8,90,2025-07-29T17:19:59,2025-07-30T04:51:25,2025-07-30T05:35:48,COMPLETED,0:0,1,system_testing,86400,2025-07-29T17:19:59,,00:00:00,681728,2663,,,,normal,0,/home/test_user4/stochsimsched,,,,,,,batch-cpu,None,00:00:00,2,,,0:0,,,2M,2,2,11:31:26,5310208,256,00:00:00,128,00:00:00,,,billing=128;cpu=128;mem=2M;node=2,billing=256;cpu=256;node=2,,,SchedBackfill;StartReceived,,,
1010,1010,553,test_user11,testing,test_user11-zrNZ,54,2025-07-29T17:20:21,2025-07-30T06:16:05,2025-07-30T06:35:28,COMPLETED,0:0,1,system_testing,86400,2025-07-29T17:20:21,,00:00:00,893184,1163,,,,normal,0,/home/test_user11/stochsimsched,,,,,,,batch-cpu,None,00:00:00,6,,,0:0,,,6M,6,6,12:55:44,17872896,768,00:00:00,384,00:00:00,,,billing=384;cpu=384;mem=6M;node=6,billing=768;cpu=768;node=6,,,SchedBackfill;StartReceived,,,
1000,1000,554,test_user1,testing,test_user1-wUuN,88,2025-07-29T17:20:26,2025-07-30T08:35:32,2025-07-30T08:47:41,COMPLETED,0:0,1,system_testing,86400,2025-07-29T17:20:26,,00:00:00,746496,729,,,,normal,0,/home/test_user1/stochsimsched,,,,,,,batch-cpu,None,00:00:00,8,,,0:0,,,8M,8,8,15:15:06,28111872,1024,00:00:00,512,00:00:00,,,billing=512;cpu=512;mem=8M;node=8,billing=1024;cpu=1024;node=8,,,SchedMain;StartReceived,,,
1007,1007,555,test_user8,testing,test_user8-vBdc,44,2025-07-29T17:20:30,2025-07-29T20:14:22,2025-07-29T20:49:13,COMPLETED,0:0,1,system_testing,86400,2025-07-29T17:20:30,,00:00:00,267648,2091,,,,normal,0,/home/test_user8/stochsimsched,,,,,,,batch-cpu,None,00:00:00,1,,,0:0,,,1M,1,1,02:53:52,667648,128,00:00:00,64,00:00:00,,,billing=64;cpu=64;mem=1M;node=1,billing=128;cpu=128;node=1,,,SchedBackfill;StartReceived,,,
1018,1018,556,test_user19,testing,test_user19-LOLv,93,2025-07-29T17:20:47,2025-07-30T07:56:48,2025-07-30T08:41:12,COMPLETED,0:0,1,system_testing,86400,2025-07-29T17:20:47,,00:00:00,681984,2664,,,,normal,0,/home/test_user19/stochsimsched,,,,,,,batch-cpu,None,00:00:00,2,,,0:0,,,2M,2,2,14:36:01,6727808,256,00:00:00,128,00:00:00,,,billing=128;cpu=128;mem=2M;node=2,billing=256;cpu=256;node=2,,,SchedBackfill;StartReceived,,,
1009,1009,557,test_user10,testing,test_user10-yK9g,114,2025-07-29T17:20:55,2025-07-30T08:47:41,2025-07-30T09:18:43,COMPLETED,0:0,1,system_testing,86400,2025-07-29T17:20:55,,00:00:00,1191680,1862,,,,normal,0,/home/test_user10/stochsimsched,,,,,,,batch-cpu,None,00:00:00,5,,,0:0,,,5M,5,5,15:26:46,17793920,640,00:00:00,320,00:00:00,,,billing=320;cpu=320;mem=5M;node=5,billing=640;cpu=640;node=5,,,SchedMain;StartReceived,,,
1013,1013,560,test_user14,testing,test_user14-X34U,14,2025-07-29T17:21:23,2025-07-30T06:35:37,2025-07-30T06:43:39,COMPLETED,0:0,1,system_testing,86400,2025-07-29T17:21:23,,00:00:00,308480,482,,,,normal,0,/home/test_user14/stochsimsched,,,,,,,batch-cpu,None,00:00:00,5,,,0:0,,,5M,5,5,13:14:14,15249280,640,00:00:00,320,00:00:00,,,billing=320;cpu=320;mem=5M;node=5,billing=640;cpu=640;node=5,,,SchedBackfill;StartReceived,,,
1001,1001,561,test_user2,testing,test_user2-vDJv,56,2025-07-29T17:21:38,2025-07-30T07:56:48,2025-07-30T08:22:48,COMPLETED,0:0,1,system_testing,86400,2025-07-29T17:21:38,,00:00:00,798720,1560,,,,normal,0,/home/test_user2/stochsimsched,,,,,,,batch-cpu,None,00:00:00,4,,,0:0,,,4M,4,4,14:35:10,13442560,512,00:00:00,256,00:00:00,,,billing=256;cpu=256;mem=4M;node=4,billing=512;cpu=512;node=4,,,SchedBackfill;StartReceived,,,
1017,1017,565,test_user18,testing,test_user18-6TTr,48,2025-07-29T17:22:12,2025-07-29T22:06:35,2025-07-29T22:10:15,COMPLETED,0:0,1,system_testing,86400,2025-07-29T17:22:12,,00:00:00,28160,220,,,,normal,0,/home/test_user18/stochsimsched,,,,,,,batch-cpu,None,00:00:00,1,,,0:0,,,1M,1,1,04:44:23,1092032,128,00:00:00,64,00:00:00,,,billing=64;cpu=64;mem=1M;node=1,billing=128;cpu=128;node=1,,,SchedBackfill;StartReceived,,,
1003,1003,568,test_user4,testing,test_user4-TaVH,21,2025-07-29T17:22:28,2025-07-29T20:29:54,2025-07-29T20:38:46,COMPLETED,0:0,1,system_testing,86400,2025-07-29T17:22:28,,00:00:00,136192,532,,,,normal,0,/home/test_user4/stochsimsched,,,,,,,batch-cpu,None,00:00:00,2,,,0:0,,,2M,2,2,03:07:26,1439488,256,00:00:00,128,00:00:00,,,billing=128;cpu=128;mem=2M;node=2,billing=256;cpu=256;node=2,,,SchedBackfill;StartReceived,,,
1005,1005,569,test_user6,testing,test_user6-k2Kx,9,2025-07-29T17:22:29,2025-07-29T19:22:47,2025-07-29T19:30:14,COMPLETED,0:0,1,system_testing,86400,2025-07-29T17:22:29,,00:00:00,171648,447,,,,normal,0,/home/test_user6/stochsimsched,,,,,,,batch-cpu,None,00:00:00,3,,,0:0,,,3M,3,3,02:00:18,1385856,384,00:00:00,192,00:00:00,,,billing=192;cpu=192;mem=3M;node=3,billing=384;cpu=384;node=3,,,SchedBackfill;StartReceived,,,
1001,1001,571,test_user2,testing,test_user2-UZjE,38,2025-07-29T17:22:44,2025-07-29T20:14:22,2025-07-29T20:34:06,COMPLETED,0:0,1,system_testing,86400,2025-07-29T17:22:44,,00:00:00,151552,1184,,,,normal,0,/home/test_user2/stochsimsched,,,,,,,batch-cpu,None,00:00:00,1,,,0:0,,,1M,1,1,02:51:38,659072,128,00:00:00,64,00:00:00,,,billing=64;cpu=64;mem=1M;node=1,billing=128;cpu=128;node=1,,,SchedBackfill;StartReceived,,,
1013,1013,572,test_user14,testing,test_user14-79FW,39,2025-07-29T17:22:45,2025-07-30T08:05:19,2025-07-30T08:29:40,COMPLETED,0:0,1,system_testing,86400,2025-07-29T17:22:45,,00:00:00,935040,1461,,,,normal,0,/home/test_user14/stochsimsched,,,,,,,batch-cpu,None,00:00:00,5,,,0:0,,,5M,5,5,14:42:34,16945280,640,00:00:00,320,00:00:00,,,billing=320;cpu=320;mem=5M;node=5,billing=640;cpu=640;node=5,,,SchedBackfill;StartReceived,,,
1006,1006,574,test_user7,testing,test_user7-VIUW,49,2025-07-29T17:22:52,2025-07-29T23:55:49,2025-07-30T00:32:08,COMPLETED,0:0,1,system_testing,86400,2025-07-29T17:22:52,,00:00:00,278912,2179,,,,normal,0,/home/test_user7/stochsimsched,,,,,,,batch-cpu,None,00:00:00,1,,,0:0,,,1M,1,1,06:32:57,1508928,128,00:00:00,64,00:00:00,,,billing=64;cpu=64;mem=1M;node=1,billing=128;cpu=128;node=1,,,SchedBackfill;StartReceived,,,
1007,1007,575,test_user8,testing,test_user8-vpFH,49,2025-07-29T17:22:56,2025-07-30T05:36:00,2025-07-30T05:49:32,COMPLETED,0:0,1,system_testing,86400,2025-07-29T17:22:56,,00:00:00,207872,812,,,,normal,0,/home/test_user8/stochsimsched,,,,,,,batch-cpu,None,00:00:00,2,,,0:0,,,2M,2,2,12:13:04,5629952,256,00:00:00,128,00:00:00,,,billing=128;cpu=128;mem=2M;node=2,billing=256;cpu=256;node=2,,,SchedBackfill;StartReceived,,,
1001,1001,578,test_user2,testing,test_user2-VCQi,9,2025-07-29T17:24:04,2025-07-29T19:49:49,2025-07-29T19:55:39,COMPLETED,0:0,1,system_testing,86400,2025-07-29T17:24:04,,00:00:00,134400,350,,,,normal,0,/home/test_user2/stochsimsched,,,,,,,batch-cpu,None,00:00:00,3,,,0:0,,,3M,3,3,02:25:45,1679040,384,00:00:00,192,00:00:00,,,billing=192;cpu=192;mem=3M;node=3,billing=384;cpu=384;node=3,,,SchedBackfill;StartReceived,,,
1012,1012,580,test_user13,testing,test_user13-74QM,33,2025-07-29T17:24:13,2025-07-29T18:45:43,2025-07-29T19:10:54,COMPLETED,0:0,1,system_testing,86400,2025-07-29T17:24:13,,00:00:00,193408,1511,,,,normal,0,/home/test_user13/stochsimsched,,,,,,,batch-cpu,None,00:00:00,1,,,0:0,,,1M,1,1,01:21:30,312960,128,00:00:00,64,00:00:00,,,billing=64;cpu=64;mem=1M;node=1,billing=128;cpu=128;node=1,,,SchedBackfill;StartReceived,,,
1013,1013,585,test_user14,testing,test_user14-SdaV,21,2025-07-29T17:25:08,2025-07-29T22:07:35,2025-07-29T22:13:12,COMPLETED,0:0,1,system_testing,86400,2025-07-29T17:25:08,,00:00:00,129408,337,,,,normal,0,/home/test_user14/stochsimsched,,,,,,,batch-cpu,None,00:00:00,3,,,0:0,,,3M,3,3,04:42:27,3253824,384,00:00:00,192,00:00:00,,,billing=192;cpu=192;mem=3M;node=3,billing=384;cpu=384;node=3,,,SchedBackfill;StartReceived,,,
1016,1016,597,test_user17,testing,test_user17-REfj,91,2025-07-29T17:26:33,2025-07-30T07:56:48,2025-07-30T08:22:05,COMPLETED,0:0,1,system_testing,86400,2025-07-29T17:26:33,,00:00:00,194176,1517,,,,normal,0,/home/test_user17/stochsimsched,,,,,,,batch-cpu,None,00:00:00,1,,,0:0,,,1M,1,1,14:30:15,3341760,128,00:00:00,64,00:00:00,,,billing=64;cpu=64;mem=1M;node=1,billing=128;cpu=128;node=1,,,SchedBackfill;StartReceived,,,
1002,1002,598,test_user3,testing,test_user3-U8uA,5,2025-07-29T17:26:34,2025-07-30T01:48:03,2025-07-30T01:50:51,COMPLETED,0:0,1,system_testing,86400,2025-07-29T17:26:34,,00:00:00,150528,168,,,,normal,0,/home/test_user3/stochsimsched,,,,,,,batch-cpu,None,00:00:00,7,,,0:0,,,7M,7,7,08:21:29,13479872,896,00:00:00,448,00:00:00,,,billing=448;cpu=448;mem=7M;node=7,billing=896;cpu=896;node=7,,,SchedBackfill;StartReceived,,,
1017,1017,607,test_user18,testing,test_user18-S8RW,103,2025-07-29T17:28:17,2025-07-30T08:22:21,2025-07-30T09:03:13,COMPLETED,0:0,1,system_testing,86400,2025-07-29T17:28:17,,00:00:00,313856,2452,,,,normal,0,/home/test_user18/stochsimsched,,,,,,,batch-cpu,None,00:00:00,1,,,0:0,,,1M,1,1,14:54:04,3433216,128,00:00:00,64,00:00:00,,,billing=64;cpu=64;mem=1M;node=1,billing=128;cpu=128;node=1,,,SchedBackfill;StartReceived,,,
1003,1003,612,test_user4,testing,test_user4-LgSV,78,2025-07-29T17:29:03,2025-07-30T02:39:09,2025-07-30T02:56:08,COMPLETED,0:0,1,system_testing,86400,2025-07-29T17:29:03,,00:00:00,130432,1019,,,,normal,0,/home/test_user4/stochsimsched,,,,,,,batch-cpu,None,00:00:00,1,,,0:0,,,1M,1,1,09:10:06,2112384,128,00:00:00,64,00:00:00,,,billing=64;cpu=64;mem=1M;node=1,billing=128;cpu=128;node=1,,,SchedBackfill;StartReceived,,,
1003,1003,619,test_user4,testing,test_user4-qZA4,21,2025-07-29T17:30:16,2025-07-30T03:24:15,2025-07-30T03:32:47,COMPLETED,0:0,1,system_testing,86400,2025-07-29T17:30:16,,00:00:00,262144,512,,,,normal,0,/home/test_user4/stochsimsched,,,,,,,batch-cpu,None,00:00:00,4,,,0:0,,,4M,4,4,09:53:59,9123584,512,00:00:00,256,00:00:00,,,billing=256;cpu=256;mem=4M;node=4,billing=512;cpu=512;node=4,,,SchedBackfill;StartReceived,,,
1011,1011,622,test_user12,testing,test_user12-AXwi,34,2025-07-29T17:30:35,2025-07-30T01:32:01,2025-07-30T01:38:02,COMPLETED,0:0,1,system_testing,86400,2025-07-29T17:30:35,,00:00:00,92416,361,,,,normal,0,/home/test_user12/stochsimsched,,,,,,,batch-cpu,None,00:00:00,2,,,0:0,,,2M,2,2,08:01:26,3697408,256,00:00:00,128,00:00:00,,,billing=128;cpu=128;mem=2M;node=2,billing=256;cpu=256;node=2,,,SchedBackfill;StartReceived,,,
1008,1008,623,test_user9,testing,test_user9-jFA8,26,2025-07-29T17:30:44,2025-07-29T22:59:41,2025-07-29T23:14:27,COMPLETED,0:0,1,system_testing,86400,2025-07-29T17:30:44,,00:00:00,226816,886,,,,normal,0,/home/test_user9/stochsimsched,,,,,,,batch-cpu,None,00:00:00,2,,,0:0,,,2M,2,2,05:28:57,2526336,256,00:00:00,128,00:00:00,,,billing=128;cpu=128;mem=2M;node=2,billing=256;cpu=256;node=2,,,SchedBackfill;StartReceived,,,
1013,1013,625,test_user14,testing,test_user14-sWWb,26,2025-07-29T17:31:17,2025-07-30T01:38:32,2025-07-30T02:00:24,COMPLETED,0:0,1,system_testing,86400,2025-07-29T17:31:17,,00:00:00,335872,1312,,,,normal,0,/home/test_user14/stochsimsched,,,,,,,batch-cpu,None,00:00:00,2,,,0:0,,,2M,2,2,08:07:15,3742080,256,00:00:00,128,00:00:00,,,billing=128;cpu=128;mem=2M;node=2,billing=256;cpu=256;node=2,,,SchedBackfill;StartReceived,,,
1001,1001,630,test_user2,testing,test_user2-aSb6,6,2025-07-29T17:31:41,2025-07-29T18:32:42,2025-07-29T18:36:46,COMPLETED,0:0,1,system_testing,86400,2025-07-29T17:31:41,,00:00:00,62464,244,,,,normal,0,/home/test_user2/stochsimsched,,,,,,,batch-cpu,None,00:00:00,2,,,0:0,,,2M,2,2,01:01:01,468608,256,00:00:00,128,00:00:00,,,billing=128;cpu=128;mem=2M;node=2,billing=256;cpu=256;node=2,,,SchedBackfill;StartReceived,,,
1003,1003,634,test_user4,testing,test_user4-woJm,29,2025-07-29T17:32:22,2025-07-30T03:33:16,2025-07-30T03:43:51,COMPLETED,0:0,1,system_testing,86400,2025-07-29T17:32:22,,00:00:00,325120,635,,,,normal,0,/home/test_user4/stochsimsched,,,,,,,batch-cpu,None,00:00:00,4,,,0:0,,,4M,4,4,10:00:54,9229824,512,00:00:00,256,00:00:00,,,billing=256;cpu=256;mem=4M;node=4,billing=512;cpu=512;node=4,,,SchedBackfill;StartReceived,,,
1010,1010,637,test_user11,testing,test_user11-dRnW,15,2025-07-29T17:32:34,2025-07-29T18:50:13,2025-07-29T18:56:26,COMPLETED,0:0,1,system_testing,86400,2025-07-29T17:32:34,,00:00:00,47744,373,,,,normal,0,/home/test_user11/stochsimsched,,,,,,,batch-cpu,None,00:00:00,1,,,0:0,,,1M,1,1,01:17:39,298176,128,00:00:00,64,00:00:00,,,billing=64;cpu=64;mem=1M;node=1,billing=128;cpu=128;node=1,,,SchedBackfill;StartReceived,,,
1005,1005,643,test_user6,testing,test_user6-WKrZ,15,2025-07-29T17:33:52,2025-07-30T00:21:53,2025-07-30T00:25:54,COMPLETED,0:0,1,system_testing,86400,2025-07-29T17:33:52,,00:00:00,123392,241,,,,normal,0,/home/test_user6/stochsimsched,,,,,,,batch-cpu,None,00:00:00,4,,,0:0,,,4M,4,4,06:48:01,6267136,512,00:00:00,256,00:00:00,,,billing=256;cpu=256;mem=4M;node=4,billing=512;cpu=512;node=4,,,SchedBackfill;StartReceived,,,
1010,1010,649,test_user11,testing,test_user11-uDU7,38,2025-07-29T17:34:30,2025-07-30T05:08:27,2025-07-30T05:25:30,COMPLETED,0:0,1,system_testing,86400,2025-07-29T17:34:30,,00:00:00,392832,1023,,,,normal,0,/home/test_user11/stochsimsched,,,,,,,batch-cpu,None,00:00:00,3,,,0:0,,,3M,3,3,11:33:57,7994304,384,00:00:00,192,00:00:00,,,billing=192;cpu=192;mem=3M;node=3,billing=384;cpu=384;node=3,,,SchedBackfill;StartReceived,,,
1002,1002,650,test_user3,testing,test_user3-XJpk,17,2025-07-29T17:34:36,2025-07-29T18:55:14,2025-07-29T18:59:13,COMPLETED,0:0,1,system_testing,86400,2025-07-29T17:34:36,,00:00:00,30592,239,,,,normal,0,/home/test_user3/stochsimsched,,,,,,,batch-cpu,None,00:00:00,1,,,0:0,,,1M,1,1,01:20:38,309632,128,00:00:00,64,00:00:00,,,billing=64;cpu=64;mem=1M;node=1,billing=128;cpu=128;node=1,,,SchedBackfill;StartReceived,,,
1007,1007,651,test_user8,testing,test_user8-3N7V,71,2025-07-29T17:34:37,2025-07-30T07:03:41,2025-07-30T07:16:25,COMPLETED,0:0,1,system_testing,86400,2025-07-29T17:34:37,,00:00:00,97792,764,,,,normal,0,/home/test_user8/stochsimsched,,,,,,,batch-cpu,None,00:00:00,1,,,0:0,,,1M,1,1,13:29:04,3106816,128,00:00:00,64,00:00:00,,,billing=64;cpu=64;mem=1M;node=1,billing=128;cpu=128;node=1,,,SchedBackfill;StartReceived,,,
1012,1012,653,test_user13,testing,test_user13-Xtqj,29,2025-07-29T17:34:53,2025-07-29T19:34:48,2025-07-29T19:47:50,COMPLETED,0:0,1,system_testing,86400,2025-07-29T17:34:53,,00:00:00,100096,782,,,,normal,0,/home/test_user13/stochsimsched,,,,,,,batch-cpu,None,00:00:00,1,,,0:0,,,1M,1,1,01:59:55,460480,128,00:00:00,64,00:00:00,,,billing=64;cpu=64;mem=1M;node=1,billing=128;cpu=128;node=1,,,SchedBackfill;StartReceived,,,
1005,1005,655,test_user6,testing,test_user6-JUbY,5,2025-07-29T17:35:28,2025-07-29T19:58:50,2025-07-29T20:03:19,COMPLETED,0:0,1,system_testing,86400,2025-07-29T17:35:28,,00:00:00,172160,269,,,,normal,0,/home/test_user6/stochsimsched,,,,,,,batch-cpu,None,00:00:00,5,,,0:0,,,5M,5,5,02:23:22,2752640,640,00:00:00,320,00:00:00,,,billing=320;cpu=320;mem=5M;node=5,billing=640;cpu=640;node=5,,,SchedBackfill;StartReceived,,,
1000,1000,659,test_user1,testing,test_user1-kXKO,13,2025-07-29T17:35:56,2025-07-30T03:39:47,2025-07-30T03:42:22,COMPLETED,0:0,1,system_testing,86400,2025-07-29T17:35:56,,00:00:00,79360,155,,,,normal,0,/home/test_user1/stochsimsched,,,,,,,batch-cpu,None,00:00:00,4,,,0:0,,,4M,4,4,10:03:51,9275136,512,00:00:00,256,00:00:00,,,billing=256;cpu=256;mem=4M;node=4,billing=512;cpu=512;node=4,,,SchedBackfill;StartReceived,,,
1000,1000,667,test_user1,testing,test_user1-2u2F,14,2025-07-29T17:37:22,2025-07-29T19:01:45,2025-07-29T19:03:49,COMPLETED,0:0,1,system_testing,86400,2025-07-29T17:37:22,,00:00:00,31744,124,,,,normal,0,/home/test_user1/stochsimsched,,,,,,,batch-cpu,None,00:00:00,2,,,0:0,,,2M,2,2,01:24:23,648064,256,00:00:00,128,00:00:00,,,billing=128;cpu=128;mem=2M;node=2,billing=256;cpu=256;node=2,,,SchedBackfill;StartReceived,,,
1006,1006,668,test_user7,testing,test_user7-TMD5,10,2025-07-29T17:37:33,2025-07-30T00:26:23,2025-07-30T00:28:48,COMPLETED,0:0,1,system_testing,86400,2025-07-29T17:37:33,,00:00:00,92800,145,,,,normal,0,/home/test_user7/stochsimsched,,,,,,,batch-cpu,None,00:00:00,5,,,0:0,,,5M,5,5,06:48:50,7849600,640,00:00:00,320,00:00:00,,,billing=320;cpu=320;mem=5M;node=5,billing=640;cpu=640;node=5,,,SchedBackfill;StartReceived,,,
1011,1011,672,test_user12,testing,test_user12-J6O0,26,2025-07-29T17:38:07,2025-07-29T20:34:24,2025-07-29T20:46:03,COMPLETED,0:0,1,system_testing,86400,2025-07-29T17:38:08,,00:00:00,89472,699,,,,normal,0,/home/test_user12/stochsimsched,,,,,,,batch-cpu,None,00:00:00,1,,,0:0,,,1M,1,1,02:56:16,676864,128,00:00:00,64,00:00:00,,,billing=64;cpu=64;mem=1M;node=1,billing=128;cpu=128;node=1,,,SchedBackfill;StartReceived,,,
1012,1012,675,test_user13,testing,test_user13-EjLp,29,2025-07-29T17:38:37,2025-07-30T05:47:02,2025-07-30T05:52:45,COMPLETED,0:0,1,system_testing,86400,2025-07-29T17:38:37,,00:00:00,175616,343,,,,normal,0,/home/test_user13/stochsimsched,,,,,,,batch-cpu,None,00:00:00,4,,,0:0,,,4M,4,4,12:08:25,11188480,512,00:00:00,256,00:00:00,,,billing=256;cpu=256;mem=4M;node=4,billing=512;cpu=512;node=4,,,SchedBackfill;StartReceived,,,
1003,1003,680,test_user4,testing,test_user4-zYkC,53,2025-07-29T17:39:07,2025-07-30T08:41:23,2025-07-30T09:06:17,COMPLETED,0:0,1,system_testing,86400,2025-07-29T17:39:07,,00:00:00,382464,1494,,,,normal,0,/home/test_user4/stochsimsched,,,,,,,batch-cpu,None,00:00:00,2,,,0:0,,,2M,2,2,15:02:16,6929408,256,00:00:00,128,00:00:00,,,billing=128;cpu=128;mem=2M;node=2,billing=256;cpu=256;node=2,,,SchedBackfill;StartReceived,,,
1009,1009,683,test_user10,testing,test_user10-GiPE,36,2025-07-29T17:39:36,2025-07-29T22:08:35,2025-07-29T22:20:30,COMPLETED,0:0,1,system_testing,86400,2025-07-29T17:39:36,,00:00:00,91520,715,,,,normal,0,/home/test_user10/stochsimsched,,,,,,,batch-cpu,None,00:00:00,1,,,0:0,,,1M,1,1,04:28:59,1032896,128,00:00:00,64,00:00:00,,,billing=64;cpu=64;mem=1M;node=1,billing=128;cpu=128;node=1,,,SchedBackfill;StartReceived,,,
1004,1004,684,test_user5,testing,test_user5-MT3K,8,2025-07-29T17:39:38,2025-07-29T21:40:02,2025-07-29T21:43:35,COMPLETED,0:0,1,system_testing,86400,2025-07-29T17:39:38,,00:00:00,109056,213,,,,normal,0,/home/test_user5/stochsimsched,,,,,,,batch-cpu,None,00:00:00,4,,,0:0,,,4M,4,4,04:00:24,3692544,512,00:00:00,256,00:00:00,,,billing=256;cpu=256;mem=4M;node=4,billing=512;cpu=512;node=4,,,SchedBackfill;StartReceived,,,
1002,1002,687,test_user3,testing,test_user3-YsrJ,5,2025-07-29T17:40:06,2025-07-29T18:56:44,2025-07-29T19:01:41,COMPLETED,0:0,1,system_testing,86400,2025-07-29T17:40:06,,00:00:00,38016,297,,,,normal,0,/home/test_user3/stochsimsched,,,,,,,batch-cpu,None,00:00:00,1,,,0:0,,,1M,1,1,01:16:38,294272,128,00:00:00,64,00:00:00,,,billing=64;cpu=64;mem=1M;node=1,billing=128;cpu=128;node=1,,,SchedBackfill;StartReceived,,,
1013,1013,689,test_user14,testing,test_user14-Gfc0,46,2025-07-29T17:40:57,2025-07-30T08:47:54,2025-07-30T09:07:54,COMPLETED,0:0,1,system_testing,86400,2025-07-29T17:40:57,,00:00:00,307200,1200,,,,normal,0,/home/test_user14/stochsimsched,,,,,,,batch-cpu,None,00:00:00,2,,,0:0,,,2M,2,2,15:06:57,6965376,256,00:00:00,128,00:00:00,,,billing=128;cpu=128;mem=2M;node=2,billing=256;cpu=256;node=2,,,SchedBackfill;StartReceived,,,
1000,1000,690,test_user1,testing,test_user1-KNkc,26,2025-07-29T17:41:02,2025-07-30T05:48:02,2025-07-30T05:53:34,COMPLETED,0:0,1,system_testing,86400,2025-07-29T17:41:02,,00:00:00,127488,332,,,,normal,0,/home/test_user1/stochsimsched,,,,,,,batch-cpu,None,00:00:00,3,,,0:0,,,3M,3,3,12:07:00,8375040,384,00:00:00,192,00:00:00,,,billing=192;cpu=192;mem=3M;node=3,billing=384;cpu=384;node=3,,,SchedBackfill;StartReceived,,,
1012,1012,691,test_user13,testing,test_user13-FiMB,11,2025-07-29T17:41:14,2025-07-29T21:38:32,2025-07-29T21:46:21,COMPLETED,0:0,1,system_testing,86400,2025-07-29T17:41:14,,00:00:00,180096,469,,,,normal,0,/home/test_user13/stochsimsched,,,,,,,batch-cpu,None,00:00:00,3,,,0:0,,,3M,3,3,03:57:18,2733696,384,00:00:00,192,00:00:00,,,billing=192;cpu=192;mem=3M;node=3,billing=384;cpu=384;node=3,,,SchedBackfill;StartReceived,,,
1016,1016,692,test_user17,testing,test_user17-XZub,46,2025-07-29T17:41:22,2025-07-30T00:17:22,2025-07-30T01:01:37,COMPLETED,0:0,1,system_testing,86400,2025-07-29T17:41:22,,00:00:00,339840,2655,,,,normal,0,/home/test_user17/stochsimsched,,,,,,,batch-cpu,None,00:00:00,1,,,0:0,,,1M,1,1,06:36:00,1520640,128,00:00:00,64,00:00:00,,,billing=64;cpu=64;mem=1M;node=1,billing=128;cpu=128;node=1,,,SchedBackfill;StartReceived,,,
1010,1010,699,test_user11,testing,test_user11-tE5o,19,2025-07-29T17:42:19,2025-07-30T03:42:47,2025-07-30T04:01:36,COMPLETED,0:0,1,system_testing,86400,2025-07-29T17:42:19,,00:00:00,433536,1129,,,,normal,0,/home/test_user11/stochsimsched,,,,,,,batch-cpu,None,00:00:00,3,,,0:0,,,3M,3,3,10:00:28,6917376,384,00:00:00,192,00:00:00,,,billing=192;cpu=192;mem=3M;node=3,billing=384;cpu=384;node=3,,,SchedBackfill;StartReceived,,,
1005,1005,705,test_user6,testing,test_user6-YMlZ,15,2025-07-29T17:43:14,2025-07-30T03:44:17,2025-07-30T03:59:17,COMPLETED,0:0,1,system_testing,86400,2025-07-29T17:43:14,,00:00:00,460800,900,,,,normal,0,/home/test_user6/stochsimsched,,,,,,,batch-cpu,None,00:00:00,4,,,0:0,,,4M,4,4,10:01:03,9232128,512,00:00:00,256,00:00:00,,,billing=256;cpu=256;mem=4M;node=4,billing=512;cpu=512;node=4,,,SchedBackfill;StartReceived,,,
1013,1013,720,test_user14,testing,test_user14-zl7V,11,2025-07-29T17:45:30,2025-07-30T04:33:53,2025-07-30T04:40:12,COMPLETED,0:0,1,system_testing,86400,2025-07-29T17:45:30,,00:00:00,242560,379,,,,normal,0,/home/test_user14/stochsimsched,,,,,,,batch-cpu,None,00:00:00,5,,,0:0,,,5M,5,5,10:48:23,12448960,640,00:00:00,320,00:00:00,,,billing=320;cpu=320;mem=5M;node=5,billing=640;cpu=640;node=5,,,SchedBackfill;StartReceived,,,
1016,1016,723,test_user17,testing,test_user17-Otiv,17,2025-07-29T17:46:25,2025-07-29T20:38:55,2025-07-29T20:42:22,COMPLETED,0:0,1,system_testing,86400,2025-07-29T17:46:25,,00:00:00,26496,207,,,,normal,0,/home/test_user17/stochsimsched,,,,,,,batch-cpu,None,00:00:00,1,,,0:0,,,1M,1,1,02:52:30,662400,128,00:00:00,64,00:00:00,,,billing=64;cpu=64;mem=1M;node=1,billing=128;cpu=128;node=1,,,SchedBackfill;StartReceived,,,
1001,1001,724,test_user2,testing,test_user2-57Kd,5,2025-07-29T17:46:31,2025-07-29T19:04:15,2025-07-29T19:08:43,COMPLETED,0:0,1,system_testing,86400,2025-07-29T17:46:31,,00:00:00,34304,268,,,,normal,0,/home/test_user2/stochsimsched,,,,,,,batch-cpu,None,00:00:00,1,,,0:0,,,1M,1,1,01:17:44,298496,128,00:00:00,64,00:00:00,,,billing=64;cpu=64;mem=1M;node=1,billing=128;cpu=128;node=1,,,SchedBackfill;StartReceived,,,
1019,1019,730,test_user20,testing,test_user20-C7D4,24,2025-07-29T17:47:14,2025-07-30T06:29:36,2025-07-30T06:32:02,COMPLETED,0:0,1,system_testing,86400,2025-07-29T17:47:14,,00:00:00,74752,146,,,,normal,0,/home/test_user20/stochsimsched,,,,,,,batch-cpu,None,00:00:00,4,,,0:0,,,4M,4,4,12:42:22,11709952,512,00:00:00,256,00:00:00,,,billing=256;cpu=256;mem=4M;node=4,billing=512;cpu=512;node=4,,,SchedBackfill;StartReceived,,,
1008,1008,731,test_user9,testing,test_user9-vAhK,49,2025-07-29T17:47:35,2025-07-30T01:01:57,2025-07-30T01:34:50,COMPLETED,0:0,1,system_testing,86400,2025-07-29T17:47:35,,00:00:00,252544,1973,,,,normal,0,/home/test_user9/stochsimsched,,,,,,,batch-cpu,None,00:00:00,1,,,0:0,,,1M,1,1,07:14:22,1667968,128,00:00:00,64,00:00:00,,,billing=64;cpu=64;mem=1M;node=1,billing=128;cpu=128;node=1,,,SchedBackfill;StartReceived,,,
1003,1003,736,test_user4,testing,test_user4-v05j,26,2025-07-29T17:47:50,2025-07-30T06:31:37,2025-07-30T06:44:44,COMPLETED,0:0,1,system_testing,86400,2025-07-29T17:47:50,,00:00:00,302208,787,,,,normal,0,/home/test_user4/stochsimsched,,,,,,,batch-cpu,None,00:00:00,3,,,0:0,,,3M,3,3,12:43:47,8798784,384,00:00:00,192,00:00:00,,,billing=192;cpu=192;mem=3M;node=3,billing=384;cpu=384;node=3,,,SchedBackfill;StartReceived,,,
1013,1013,740,test_user14,testing,test_user14-r9nP,9,2025-07-29T17:48:49,2025-07-30T00:28:53,2025-07-30T00:36:13,COMPLETED,0:0,1,system_testing,86400,2025-07-29T17:48:49,,00:00:00,281600,440,,,,normal,0,/home/test_user14/stochsimsched,,,,,,,batch-cpu,None,00:00:00,5,,,0:0,,,5M,5,5,06:40:04,7681280,640,00:00:00,320,00:00:00,,,billing=320;cpu=320;mem=5M;node=5,billing=640;cpu=640;node=5,,,SchedBackfill;StartReceived,,,
1006,1006,745,test_user7,testing,test_user7-Xmao,19,2025-07-29T17:49:44,2025-07-29T20:38:55,2025-07-29T20:43:59,COMPLETED,0:0,1,system_testing,86400,2025-07-29T17:49:44,,00:00:00,38912,304,,,,normal,0,/home/test_user7/stochsimsched,,,,,,,batch-cpu,None,00:00:00,1,,,0:0,,,1M,1,1,02:49:11,649664,128,00:00:00,64,00:00:00,,,billing=64;cpu=64;mem=1M;node=1,billing=128;cpu=128;node=1,,,SchedBackfill;StartReceived,,,
1012,1012,746,test_user13,testing,test_user13-JkIJ,12,2025-07-29T17:50:03,2025-07-29T19:04:15,2025-07-29T19:15:44,COMPLETED,0:0,1,system_testing,86400,2025-07-29T17:50:03,,00:00:00,88192,689,,,,normal,0,/home/test_user13/stochsimsched,,,,,,,batch-cpu,None,00:00:00,1,,,0:0,,,1M,1,1,01:14:12,284928,128,00:00:00,64,00:00:00,,,billing=64;cpu=64;mem=1M;node=1,billing=128;cpu=128;node=1,,,SchedBackfill;StartReceived,,,
1017,1017,749,test_user18,testing,test_user18-Rigm,26,2025-07-29T17:50:17,2025-07-30T06:32:07,2025-07-30T06:35:02,COMPLETED,0:0,1,system_testing,86400,2025-07-29T17:50:17,,00:00:00,44800,175,,,,normal,0,/home/test_user18/stochsimsched,,,,,,,batch-cpu,None,00:00:00,2,,,0:0,,,2M,2,2,12:41:50,5850880,256,00:00:00,128,00:00:00,,,billing=128;cpu=128;mem=2M;node=2,billing=256;cpu=256;node=2,,,SchedBackfill;StartReceived,,,
1005,1005,758,test_user6,testing,test_user6-8hpE,8,2025-07-29T17:51:36,2025-07-30T05:55:03,2025-07-30T06:02:47,COMPLETED,0:0,1,system_testing,86400,2025-07-29T17:51:36,,00:00:00,296960,464,,,,normal,0,/home/test_user6/stochsimsched,,,,,,,batch-cpu,None,00:00:00,5,,,0:0,,,5M,5,5,12:03:27,13890240,640,00:00:00,320,00:00:00,,,billing=320;cpu=320;mem=5M;node=5,billing=640;cpu=640;node=5,,,SchedBackfill;StartReceived,,,
1000,1000,767,test_user1,testing,test_user1-AOQm,44,2025-07-29T17:53:34,2025-07-30T01:13:58,2025-07-30T01:54:53,COMPLETED,0:0,1,system_testing,86400,2025-07-29T17:53:34,,00:00:00,314240,2455,,,,normal,0,/home/test_user1/stochsimsched,,,,,,,batch-cpu,None,00:00:00,1,,,0:0,,,1M,1,1,07:20:24,1691136,128,00:00:00,64,00:00:00,,,billing=64;cpu=64;mem=1M;node=1,billing=128;cpu=128;node=1,,,SchedBackfill;StartReceived,,,
1013,1013,776,test_user14,testing,test_user14-eIms,5,2025-07-29T17:54:30,2025-07-29T20:52:57,2025-07-29T20:55:14,COMPLETED,0:0,1,system_testing,86400,2025-07-29T17:54:30,,00:00:00,70144,137,,,,normal,0,/home/test_user14/stochsimsched,,,,,,,batch-cpu,None,00:00:00,4,,,0:0,,,4M,4,4,02:58:27,2740992,512,00:00:00,256,00:00:00,,,billing=256;cpu=256;mem=4M;node=4,billing=512;cpu=512;node=4,,,SchedBackfill;StartReceived,,,
1014,1014,792,test_user15,testing,test_user15-5diL,14,2025-07-29T17:57:00,2025-07-30T05:53:02,2025-07-30T05:57:41,COMPLETED,0:0,1,system_testing,86400,2025-07-29T17:57:00,,00:00:00,142848,279,,,,normal,0,/home/test_user15/stochsimsched,,,,,,,batch-cpu,None,00:00:00,4,,,0:0,,,4M,4,4,11:56:02,10998272,512,00:00:00,256,00:00:00,,,billing=256;cpu=256;mem=4M;node=4,billing=512;cpu=512;node=4,,,SchedBackfill;StartReceived,,,
1003,1003,828,test_user4,testing,test_user4-wnSm,21,2025-07-29T18:02:33,2025-07-30T08:22:51,2025-07-30T08:35:32,COMPLETED,0:0,1,system_testing,86400,2025-07-29T18:02:33,,00:00:00,292224,761,,,,normal,0,/home/test_user4/stochsimsched,,,,,,,batch-cpu,None,00:00:00,3,,,0:0,,,3M,3,3,14:20:18,9910656,384,00:00:00,192,00:00:00,,,billing=192;cpu=192;mem=3M;node=3,billing=384;cpu=384;node=3,,,SchedBackfill;StartReceived,,,
1001,1001,834,test_user2,testing,test_user2-kAFX,40,2025-07-29T18:03:21,2025-07-30T02:56:11,2025-07-30T03:00:47,COMPLETED,0:0,1,system_testing,86400,2025-07-29T18:03:21,,00:00:00,35328,276,,,,normal,0,/home/test_user2/stochsimsched,,,,,,,batch-cpu,None,00:00:00,1,,,0:0,,,1M,1,1,08:52:50,2046080,128,00:00:00,64,00:00:00,,,billing=64;cpu=64;mem=1M;node=1,billing=128;cpu=128;node=1,,,SchedBackfill;StartReceived,,,
1015,1015,838,test_user16,testing,test_user16-iKPp,32,2025-07-29T18:04:18,2025-07-29T22:10:35,2025-07-29T22:24:57,COMPLETED,0:0,1,system_testing,86400,2025-07-29T18:04:18,,00:00:00,110336,862,,,,normal,0,/home/test_user16/stochsimsched,,,,,,,batch-cpu,None,00:00:00,1,,,0:0,,,1M,1,1,04:06:17,945728,128,00:00:00,64,00:00:00,,,billing=64;cpu=64;mem=1M;node=1,billing=128;cpu=128;node=1,,,SchedBackfill;StartReceived,,,
1014,1014,842,test_user15,testing,test_user15-AFIu,10,2025-07-29T18:04:43,2025-07-30T06:44:08,2025-07-30T06:53:02,COMPLETED,0:0,1,system_testing,86400,2025-07-29T18:04:43,,00:00:00,410112,534,,,,normal,0,/home/test_user15/stochsimsched,,,,,,,batch-cpu,None,00:00:00,6,,,0:0,,,6M,6,6,12:39:25,17496960,768,00:00:00,384,00:00:00,,,billing=384;cpu=384;mem=6M;node=6,billing=768;cpu=768;node=6,,,SchedBackfill;StartReceived,,,
1012,1012,844,test_user13,testing,test_user13-COGX,33,2025-07-29T18:05:09,2025-07-30T02:58:11,2025-07-30T03:03:17,COMPLETED,0:0,1,system_testing,86400,2025-07-29T18:05:09,,00:00:00,39168,306,,,,normal,0,/home/test_user13/stochsimsched,,,,,,,batch-cpu,None,00:00:00,1,,,0:0,,,1M,1,1,08:53:02,2046848,128,00:00:00,64,00:00:00,,,billing=64;cpu=64;mem=1M;node=1,billing=128;cpu=128;node=1,,,SchedBackfill;StartReceived,,,
1016,1016,847,test_user17,testing,test_user17-syu9,70,2025-07-29T18:05:28,2025-07-30T08:22:51,2025-07-30T08:36:29,COMPLETED,0:0,1,system_testing,86400,2025-07-29T18:05:28,,00:00:00,104704,818,,,,normal,0,/home/test_user17/stochsimsched,,,,,,,batch-cpu,None,00:00:00,1,,,0:0,,,1M,1,1,14:17:23,3292352,128,00:00:00,64,00:00:00,,,billing=64;cpu=64;mem=1M;node=1,billing=128;cpu=128;node=1,,,SchedBackfill;StartReceived,,,
1013,1013,849,test_user14,testing,test_user14-WD79,58,2025-07-29T18:05:42,2025-07-30T07:16:42,2025-07-30T07:56:36,COMPLETED,0:0,1,system_testing,86400,2025-07-29T18:05:42,,00:00:00,306432,2394,,,,normal,0,/home/test_user14/stochsimsched,,,,,,,batch-cpu,None,00:00:00,1,,,0:0,,,1M,1,1,13:11:00,3037440,128,00:00:00,64,00:00:00,,,billing=64;cpu=64;mem=1M;node=1,billing=128;cpu=128;node=1,,,SchedBackfill;StartReceived,,,
1017,1017,854,test_user18,testing,test_user18-lINz,5,2025-07-29T18:06:36,2025-07-29T19:08:45,2025-07-29T19:11:08,COMPLETED,0:0,1,system_testing,86400,2025-07-29T18:06:36,,00:00:00,36608,143,,,,normal,0,/home/test_user18/stochsimsched,,,,,,,batch-cpu,None,00:00:00,2,,,0:0,,,2M,2,2,01:02:09,477312,256,00:00:00,128,00:00:00,,,billing=128;cpu=128;mem=2M;node=2,billing=256;cpu=256;node=2,,,SchedBackfill;StartReceived,,,
1009,1009,857,test_user10,testing,test_user10-PhZW,18,2025-07-29T18:07:01,2025-07-29T20:42:26,2025-07-29T21:00:10,COMPLETED,0:0,1,system_testing,86400,2025-07-29T18:07:01,,00:00:00,136192,1064,,,,normal,0,/home/test_user10/stochsimsched,,,,,,,batch-cpu,None,00:00:00,1,,,0:0,,,1M,1,1,02:35:25,596800,128,00:00:00,64,00:00:00,,,billing=64;cpu=64;mem=1M;node=1,billing=128;cpu=128;node=1,,,SchedBackfill;StartReceived,,,
1005,1005,860,test_user6,testing,test_user6-0PzD,19,2025-07-29T18:07:20,2025-07-29T22:13:36,2025-07-29T22:22:32,COMPLETED,0:0,1,system_testing,86400,2025-07-29T18:07:20,,00:00:00,68608,536,,,,normal,0,/home/test_user6/stochsimsched,,,,,,,batch-cpu,None,00:00:00,1,,,0:0,,,1M,1,1,04:06:16,945664,128,00:00:00,64,00:00:00,,,billing=64;cpu=64;mem=1M;node=1,billing=128;cpu=128;node=1,,,SchedBackfill;StartReceived,,,
1014,1014,887,test_user15,testing,test_user15-kLAM,43,2025-07-29T18:11:58,2025-07-30T06:16:05,2025-07-30T06:56:42,COMPLETED,0:0,1,system_testing,86400,2025-07-29T18:11:58,,00:00:00,311936,2437,,,,normal,0,/home/test_user15/stochsimsched,,,,,,,batch-cpu,None,00:00:00,1,,,0:0,,,1M,1,1,12:04:07,2780608,128,00:00:00,64,00:00:00,,,billing=64;cpu=64;mem=1M;node=1,billing=128;cpu=128;node=1,,,SchedBackfill;StartReceived,,,
1015,1015,897,test_user16,testing,test_user16-CXSf,30,2025-07-29T18:13:53,2025-07-30T09:03:26,2025-07-30T09:23:44,COMPLETED,0:0,1,system_testing,86400,2025-07-29T18:13:53,,00:00:00,311808,1218,,,,normal,0,/home/test_user16/stochsimsched,,,,,,,batch-cpu,None,00:00:00,2,,,0:0,,,2M,2,2,14:49:33,6831744,256,00:00:00,128,00:00:00,,,billing=128;cpu=128;mem=2M;node=2,billing=256;cpu=256;node=2,,,SchedBackfill;StartReceived,,,
1014,1014,902,test_user15,testing,test_user15-QoKH,20,2025-07-29T18:14:25,2025-07-29T22:20:37,2025-07-29T22:40:08,COMPLETED,0:0,1,system_testing,86400,2025-07-29T18:14:25,,00:00:00,149888,1171,,,,normal,0,/home/test_user15/stochsimsched,,,,,,,batch-cpu,None,00:00:00,1,,,0:0,,,1M,1,1,04:06:12,945408,128,00:00:00,64,00:00:00,,,billing=64;cpu=64;mem=1M;node=1,billing=128;cpu=128;node=1,,,SchedBackfill;StartReceived,,,
1009,1009,909,test_user10,testing,test_user10-4DVX,5,2025-07-29T18:15:17,2025-07-30T02:13:06,2025-07-30T02:15:19,COMPLETED,0:0,1,system_testing,86400,2025-07-29T18:15:17,,00:00:00,68096,133,,,,normal,0,/home/test_user10/stochsimsched,,,,,,,batch-cpu,None,00:00:00,4,,,0:0,,,4M,4,4,07:57:49,7339264,512,00:00:00,256,00:00:00,,,billing=256;cpu=256;mem=4M;node=4,billing=512;cpu=512;node=4,,,SchedBackfill;StartReceived,,,
1002,1002,925,test_user3,testing,test_user3-xcq2,22,2025-07-29T18:18:30,2025-07-30T00:17:22,2025-07-30T00:35:16,COMPLETED,0:0,1,system_testing,86400,2025-07-29T18:18:30,,00:00:00,274944,1074,,,,normal,0,/home/test_user3/stochsimsched,,,,,,,batch-cpu,None,00:00:00,2,,,0:0,,,2M,2,2,05:58:52,2756096,256,00:00:00,128,00:00:00,,,billing=128;cpu=128;mem=2M;node=2,billing=256;cpu=256;node=2,,,SchedBackfill;StartReceived,,,
1010,1010,929,test_user11,testing,test_user11-avby,15,2025-07-29T18:18:54,2025-07-29T20:44:26,2025-07-29T20:50:34,COMPLETED,0:0,1,system_testing,86400,2025-07-29T18:18:54,,00:00:00,47104,368,,,,normal,0,/home/test_user11/stochsimsched,,,,,,,batch-cpu,None,00:00:00,1,,,0:0,,,1M,1,1,02:25:32,558848,128,00:00:00,64,00:00:00,,,billing=64;cpu=64;mem=1M;node=1,billing=128;cpu=128;node=1,,,SchedBackfill;StartReceived,,,
1008,1008,933,test_user9,testing,test_user9-gcf8,6,2025-07-29T18:19:03,2025-07-29T23:18:44,2025-07-29T23:22:35,COMPLETED,0:0,1,system_testing,86400,2025-07-29T18:19:03,,00:00:00,88704,231,,,,normal,0,/home/test_user9/stochsimsched,,,,,,,batch-cpu,None,00:00:00,3,,,0:0,,,3M,3,3,04:59:41,3452352,384,00:00:00,192,00:00:00,,,billing=192;cpu=192;mem=3M;node=3,billing=384;cpu=384;node=3,,,SchedBackfill;StartReceived,,,
1003,1003,936,test_user4,testing,test_user4-ROP7,11,2025-07-29T18:19:33,2025-07-30T08:29:52,2025-07-30T08:35:13,COMPLETED,0:0,1,system_testing,86400,2025-07-29T18:19:33,,00:00:00,205440,321,,,,normal,0,/home/test_user4/stochsimsched,,,,,,,batch-cpu,None,00:00:00,5,,,0:0,,,5M,5,5,14:10:19,16326080,640,00:00:00,320,00:00:00,,,billing=320;cpu=320;mem=5M;node=5,billing=640;cpu=640;node=5,,,SchedBackfill;StartReceived,,,
1006,1006,943,test_user7,testing,test_user7-cv6G,27,2025-07-29T18:20:24,2025-07-29T22:59:41,2025-07-29T23:14:01,COMPLETED,0:0,1,system_testing,86400,2025-07-29T18:20:24,,00:00:00,110080,860,,,,normal,0,/home/test_user7/stochsimsched,,,,,,,batch-cpu,None,00:00:00,1,,,0:0,,,1M,1,1,04:39:17,1072448,128,00:00:00,64,00:00:00,,,billing=64;cpu=64;mem=1M;node=1,billing=128;cpu=128;node=1,,,SchedBackfill;StartReceived,,,
1019,1019,966,test_user20,testing,test_user20-zsRl,16,2025-07-29T18:23:24,2025-07-30T02:00:35,2025-07-30T02:02:40,COMPLETED,0:0,1,system_testing,86400,2025-07-29T18:23:24,,00:00:00,32000,125,,,,normal,0,/home/test_user20/stochsimsched,,,,,,,batch-cpu,None,00:00:00,2,,,0:0,,,2M,2,2,07:37:11,3511168,256,00:00:00,128,00:00:00,,,billing=128;cpu=128;mem=2M;node=2,billing=256;cpu=256;node=2,,,SchedBackfill;StartReceived,,,
1006,1006,980,test_user7,testing,test_user7-0OSk,23,2025-07-29T18:25:37,2025-07-30T06:32:07,2025-07-30T06:51:37,COMPLETED,0:0,1,system_testing,86400,2025-07-29T18:25:37,,00:00:00,299520,1170,,,,normal,0,/home/test_user7/stochsimsched,,,,,,,batch-cpu,None,00:00:00,2,,,0:0,,,2M,2,2,12:06:30,5579520,256,00:00:00,128,00:00:00,,,billing=128;cpu=128;mem=2M;node=2,billing=256;cpu=256;node=2,,,SchedBackfill;StartReceived,,,
1003,1003,982,test_user4,testing,test_user4-op5s,19,2025-07-29T18:25:44,2025-07-29T22:22:37,2025-07-29T22:34:40,COMPLETED,0:0,1,system_testing,86400,2025-07-29T18:25:44,,00:00:00,92544,723,,,,normal,0,/home/test_user4/stochsimsched,,,,,,,batch-cpu,None,00:00:00,1,,,0:0,,,1M,1,1,03:56:53,909632,128,00:00:00,64,00:00:00,,,billing=64;cpu=64;mem=1M;node=1,billing=128;cpu=128;node=1,,,SchedBackfill;StartReceived,,,
1010,1010,995,test_user11,testing,test_user11-0shc,51,2025-07-29T18:28:03,2025-07-30T08:36:53,2025-07-30T08:57:33,COMPLETED,0:0,1,system_testing,86400,2025-07-29T18:28:03,,00:00:00,158720,1240,,,,normal,0,/home/test_user11/stochsimsched,,,,,,,batch-cpu,None,00:00:00,1,,,0:0,,,1M,1,1,14:08:50,3259520,128,00:00:00,64,00:00:00,,,billing=64;cpu=64;mem=1M;node=1,billing=128;cpu=128;node=1,,,SchedBackfill;StartReceived,,,
1007,1007,1013,test_user8,testing,test_user8-HfzW,18,2025-07-29T18:30:51,2025-07-30T03:04:42,2025-07-30T03:19:46,COMPLETED,0:0,1,system_testing,86400,2025-07-29T18:30:51,,00:00:00,231424,904,,,,normal,0,/home/test_user8/stochsimsched,,,,,,,batch-cpu,None,00:00:00,2,,,0:0,,,2M,2,2,08:33:51,3946368,256,00:00:00,128,00:00:00,,,billing=128;cpu=128;mem=2M;node=2,billing=256;cpu=256;node=2,,,SchedBackfill;StartReceived,,,
1010,1010,1022,test_user11,testing,test_user11-nPfG,16,2025-07-29T18:32:09,2025-07-30T05:50:02,2025-07-30T06:00:31,COMPLETED,0:0,1,system_testing,86400,2025-07-29T18:32:09,,00:00:00,161024,629,,,,normal,0,/home/test_user11/stochsimsched,,,,,,,batch-cpu,None,00:00:00,2,,,0:0,,,2M,2,2,11:17:53,5206144,256,00:00:00,128,00:00:00,,,billing=128;cpu=128;mem=2M;node=2,billing=256;cpu=256;node=2,,,SchedBackfill;StartReceived,,,
1018,1018,1023,test_user19,testing,test_user19-DbTI,5,2025-07-29T18:32:20,2025-07-29T23:27:15,2025-07-29T23:30:46,COMPLETED,0:0,1,system_testing,86400,2025-07-29T18:32:20,,00:00:00,81024,211,,,,normal,0,/home/test_user19/stochsimsched,,,,,,,batch-cpu,None,00:00:00,3,,,0:0,,,3M,3,3,04:54:55,3397440,384,00:00:00,192,00:00:00,,,billing=192;cpu=192;mem=3M;node=3,billing=384;cpu=384;node=3,,,SchedBackfill;StartReceived,,,
1000,1000,1029,test_user1,testing,test_user1-Ijbt,23,2025-07-29T18:32:56,2025-07-30T06:35:07,2025-07-30T06:45:32,COMPLETED,0:0,1,system_testing,86400,2025-07-29T18:32:56,,00:00:00,160000,625,,,,normal,0,/home/test_user1/stochsimsched,,,,,,,batch-cpu,None,00:00:00,2,,,0:0,,,2M,2,2,12:02:11,5546368,256,00:00:00,128,00:00:00,,,billing=128;cpu=128;mem=2M;node=2,billing=256;cpu=256;node=2,,,SchedBackfill;StartReceived,,,
1018,1018,1035,test_user19,testing,test_user19-Vi3g,15,2025-07-29T18:34:16,2025-07-29T20:44:26,2025-07-29T20:52:28,COMPLETED,0:0,1,system_testing,86400,2025-07-29T18:34:16,,00:00:00,61696,482,,,,normal,0,/home/test_user19/stochsimsched,,,,,,,batch-cpu,None,00:00:00,1,,,0:0,,,1M,1,1,02:10:10,499840,128,00:00:00,64,00:00:00,,,billing=64;cpu=64;mem=1M;node=1,billing=128;cpu=128;node=1,,,SchedBackfill;StartReceived,,,
1005,1005,1038,test_user6,testing,test_user6-Nt3M,12,2025-07-29T18:34:22,2025-07-30T05:54:02,2025-07-30T06:02:37,COMPLETED,0:0,1,system_testing,86400,2025-07-29T18:34:22,,00:00:00,197760,515,,,,normal,0,/home/test_user6/stochsimsched,,,,,,,batch-cpu,None,00:00:00,3,,,0:0,,,3M,3,3,11:19:40,7829760,384,00:00:00,192,00:00:00,,,billing=192;cpu=192;mem=3M;node=3,billing=384;cpu=384;node=3,,,SchedBackfill;StartReceived,,,
1001,1001,1042,test_user2,testing,test_user2-lV1V,13,2025-07-29T18:34:46,2025-07-29T20:46:26,2025-07-29T20:59:26,COMPLETED,0:0,1,system_testing,86400,2025-07-29T18:34:46,,00:00:00,99840,780,,,,normal,0,/home/test_user2/stochsimsched,,,,,,,batch-cpu,None,00:00:00,1,,,0:0,,,1M,1,1,02:11:40,505600,128,00:00:00,64,00:00:00,,,billing=64;cpu=64;mem=1M;node=1,billing=128;cpu=128;node=1,,,SchedBackfill;StartReceived,,,
1005,1005,1055,test_user6,testing,test_user6-1V2X,10,2025-07-29T18:37:01,2025-07-29T22:30:08,2025-07-29T22:38:55,COMPLETED,0:0,1,system_testing,86400,2025-07-29T18:37:01,,00:00:00,134912,527,,,,normal,0,/home/test_user6/stochsimsched,,,,,,,batch-cpu,None,00:00:00,2,,,0:0,,,2M,2,2,03:53:07,1790336,256,00:00:00,128,00:00:00,,,billing=128;cpu=128;mem=2M;node=2,billing=256;cpu=256;node=2,,,SchedBackfill;StartReceived,,,
1016,1016,1075,test_user17,testing,test_user17-bfIw,30,2025-07-29T18:39:48,2025-07-30T00:32:24,2025-07-30T00:51:44,COMPLETED,0:0,1,system_testing,86400,2025-07-29T18:39:48,,00:00:00,148480,1160,,,,normal,0,/home/test_user17/stochsimsched,,,,,,,batch-cpu,None,00:00:00,1,,,0:0,,,1M,1,1,05:52:36,1353984,128,00:00:00,64,00:00:00,,,billing=64;cpu=64;mem=1M;node=1,billing=128;cpu=128;node=1,,,SchedBackfill;StartReceived,,,
1002,1002,1082,test_user3,testing,test_user3-YS88,44,2025-07-29T18:40:31,2025-07-30T08:47:54,2025-07-30T09:02:44,COMPLETED,0:0,1,system_testing,86400,2025-07-29T18:40:31,,00:00:00,113920,890,,,,normal,0,/home/test_user3/stochsimsched,,,,,,,batch-cpu,None,00:00:00,1,,,0:0,,,1M,1,1,14:07:23,3253952,128,00:00:00,64,00:00:00,,,billing=64;cpu=64;mem=1M;node=1,billing=128;cpu=128;node=1,,,SchedBackfill;StartReceived,,,
1016,1016,1085,test_user17,testing,test_user17-QHfE,26,2025-07-29T18:40:51,2025-07-30T03:01:12,2025-07-30T03:16:17,COMPLETED,0:0,1,system_testing,86400,2025-07-29T18:40:51,,00:00:00,115840,905,,,,normal,0,/home/test_user17/stochsimsched,,,,,,,batch-cpu,None,00:00:00,1,,,0:0,,,1M,1,1,08:20:21,1921344,128,00:00:00,64,00:00:00,,,billing=64;cpu=64;mem=1M;node=1,billing=128;cpu=128;node=1,,,SchedBackfill;StartReceived,,,
1018,1018,1097,test_user19,testing,test_user19-b4fK,9,2025-07-29T18:43:05,2025-07-29T19:22:47,2025-07-29T19:28:46,COMPLETED,0:0,1,system_testing,86400,2025-07-29T18:43:05,,00:00:00,45952,359,,,,normal,0,/home/test_user19/stochsimsched,,,,,,,batch-cpu,None,00:00:00,1,,,0:0,,,1M,1,1,00:39:42,152448,128,00:00:00,64,00:00:00,,,billing=64;cpu=64;mem=1M;node=1,billing=128;cpu=128;node=1,,,SchedBackfill;StartReceived,,,
1017,1017,1102,test_user18,testing,test_user18-tICY,19,2025-07-29T18:44:04,2025-07-30T00:18:22,2025-07-30T00:25:45,COMPLETED,0:0,1,system_testing,86400,2025-07-29T18:44:04,,00:00:00,56704,443,,,,normal,0,/home/test_user18/stochsimsched,,,,,,,batch-cpu,None,00:00:00,1,,,0:0,,,1M,1,1,05:34:18,1283712,128,00:00:00,64,00:00:00,,,billing=64;cpu=64;mem=1M;node=1,billing=128;cpu=128;node=1,,,SchedBackfill;StartReceived,,,
1008,1008,1108,test_user9,testing,test_user9-K34X,22,2025-07-29T18:44:54,2025-07-30T09:06:26,2025-07-30T09:22:50,COMPLETED,0:0,1,system_testing,86400,2025-07-29T18:44:54,,00:00:00,251904,984,,,,normal,0,/home/test_user9/stochsimsched,,,,,,,batch-cpu,None,00:00:00,2,,,0:0,,,2M,2,2,14:21:32,6616576,256,00:00:00,128,00:00:00,,,billing=128;cpu=128;mem=2M;node=2,billing=256;cpu=256;node=2,,,SchedBackfill;StartReceived,,,
1011,1011,1115,test_user12,testing,test_user12-nzkV,23,2025-07-29T18:45:54,2025-07-30T09:07:56,2025-07-30T09:15:02,COMPLETED,0:0,1,system_testing,86400,2025-07-29T18:45:54,,00:00:00,109056,426,,,,normal,0,/home/test_user12/stochsimsched,,,,,,,batch-cpu,None,00:00:00,2,,,0:0,,,2M,2,2,14:22:02,6620416,256,00:00:00,128,00:00:00,,,billing=128;cpu=128;mem=2M;node=2,billing=256;cpu=256;node=2,,,SchedBackfill;StartReceived,,,
1012,1012,1151,test_user13,testing,test_user13-uid1,11,2025-07-29T18:50:36,2025-07-30T09:18:58,2025-07-30T09:29:29,COMPLETED,0:0,1,system_testing,86400,2025-07-29T18:50:36,,00:00:00,323072,631,,,,normal,0,/home/test_user13/stochsimsched,,,,,,,batch-cpu,None,00:00:00,4,,,0:0,,,4M,4,4,14:28:22,13338112,512,00:00:00,256,00:00:00,,,billing=256;cpu=256;mem=4M;node=4,billing=512;cpu=512;node=4,,,SchedBackfill;StartReceived,,,
1010,1010,1154,test_user11,testing,test_user11-Nwjw,19,2025-07-29T18:50:45,2025-07-30T07:36:15,2025-07-30T07:41:55,COMPLETED,0:0,1,system_testing,86400,2025-07-29T18:50:45,,00:00:00,87040,340,,,,normal,0,/home/test_user11/stochsimsched,,,,,,,batch-cpu,None,00:00:00,2,,,0:0,,,2M,2,2,12:45:30,5879040,256,00:00:00,128,00:00:00,,,billing=128;cpu=128;mem=2M;node=2,billing=256;cpu=256;node=2,,,SchedBackfill;StartReceived,,,
1009,1009,1158,test_user10,testing,test_user10-Gsm9,7,2025-07-29T18:51:47,2025-07-30T02:03:05,2025-07-30T02:07:40,COMPLETED,0:0,1,system_testing,86400,2025-07-29T18:51:47,,00:00:00,105600,275,,,,normal,0,/home/test_user10/stochsimsched,,,,,,,batch-cpu,None,00:00:00,3,,,0:0,,,3M,3,3,07:11:18,4968576,384,00:00:00,192,00:00:00,,,billing=192;cpu=192;mem=3M;node=3,billing=384;cpu=384;node=3,,,SchedBackfill;StartReceived,,,
1012,1012,1181,test_user13,testing,test_user13-GJUo,5,2025-07-29T18:55:22,2025-07-30T02:08:05,2025-07-30T02:10:09,COMPLETED,0:0,1,system_testing,86400,2025-07-29T18:55:22,,00:00:00,47616,124,,,,normal,0,/home/test_user13/stochsimsched,,,,,,,batch-cpu,None,00:00:00,3,,,0:0,,,3M,3,3,07:12:43,4984896,384,00:00:00,192,00:00:00,,,billing=192;cpu=192;mem=3M;node=3,billing=384;cpu=384;node=3,,,SchedBackfill;StartReceived,,,
1016,1016,1182,test_user17,testing,test_user17-T5Dy,5,2025-07-29T18:55:23,2025-07-29T23:14:44,2025-07-29T23:18:18,COMPLETED,0:0,1,system_testing,86400,2025-07-29T18:55:23,,00:00:00,54784,214,,,,normal,0,/home/test_user17/stochsimsched,,,,,,,batch-cpu,None,00:00:00,2,,,0:0,,,2M,2,2,04:19:21,1991808,256,00:00:00,128,00:00:00,,,billing=128;cpu=128;mem=2M;node=2,billing=256;cpu=256;node=2,,,SchedBackfill;StartReceived,,,
1014,1014,1187,test_user15,testing,test_user15-h8L0,8,2025-07-29T18:55:54,2025-07-29T19:55:50,2025-07-29T20:01:05,COMPLETED,0:0,1,system_testing,86400,2025-07-29T18:55:54,,00:00:00,40320,315,,,,normal,0,/home/test_user15/stochsimsched,,,,,,,batch-cpu,None,00:00:00,1,,,0:0,,,1M,1,1,00:59:56,230144,128,00:00:00,64,00:00:00,,,billing=64;cpu=64;mem=1M;node=1,billing=128;cpu=128;node=1,,,SchedBackfill;StartReceived,,,
1004,1004,1198,test_user5,testing,test_user5-Fkws,11,2025-07-29T18:57:51,2025-07-30T06:45:39,2025-07-30T06:49:09,COMPLETED,0:0,1,system_testing,86400,2025-07-29T18:57:51,,00:00:00,53760,210,,,,normal,0,/home/test_user5/stochsimsched,,,,,,,batch-cpu,None,00:00:00,2,,,0:0,,,2M,2,2,11:47:48,5435904,256,00:00:00,128,00:00:00,,,billing=128;cpu=128;mem=2M;node=2,billing=256;cpu=256;node=2,,,SchedBackfill;StartReceived,,,
1018,1018,1201,test_user19,testing,test_user19-7577,15,2025-07-29T18:58:22,2025-07-30T09:15:27,2025-07-30T09:27:30,COMPLETED,0:0,1,system_testing,86400,2025-07-29T18:58:22,,00:00:00,185088,723,,,,normal,0,/home/test_user19/stochsimsched,,,,,,,batch-cpu,None,00:00:00,2,,,0:0,,,2M,2,2,14:17:05,6582400,256,00:00:00,128,00:00:00,,,billing=128;cpu=128;mem=2M;node=2,billing=256;cpu=256;node=2,,,SchedBackfill;StartReceived,,,
1003,1003,1221,test_user4,testing,test_user4-Swuq,20,2025-07-29T19:01:39,2025-07-30T01:35:01,2025-07-30T01:37:22,COMPLETED,0:0,1,system_testing,86400,2025-07-29T19:01:39,,00:00:00,18048,141,,,,normal,0,/home/test_user4/stochsimsched,,,,,,,batch-cpu,None,00:00:00,1,,,0:0,,,1M,1,1,06:33:22,1510528,128,00:00:00,64,00:00:00,,,billing=64;cpu=64;mem=1M;node=1,billing=128;cpu=128;node=1,,,SchedBackfill;StartReceived,,,
1019,1019,1224,test_user20,testing,test_user20-Kxpz,12,2025-07-29T19:01:59,2025-07-30T07:42:16,2025-07-30T07:46:50,COMPLETED,0:0,1,system_testing,86400,2025-07-29T19:01:59,,00:00:00,70144,274,,,,normal,0,/home/test_user20/stochsimsched,,,,,,,batch-cpu,None,00:00:00,2,,,0:0,,,2M,2,2,12:40:17,5838976,256,00:00:00,128,00:00:00,,,billing=128;cpu=128;mem=2M;node=2,billing=256;cpu=256;node=2,,,SchedBackfill;StartReceived,,,
1009,1009,1225,test_user10,testing,test_user10-xeM3,13,2025-07-29T19:02:04,2025-07-29T22:25:07,2025-07-29T22:29:16,COMPLETED,0:0,1,system_testing,86400,2025-07-29T19:02:04,,00:00:00,31872,249,,,,normal,0,/home/test_user10/stochsimsched,,,,,,,batch-cpu,None,00:00:00,1,,,0:0,,,1M,1,1,03:23:03,779712,128,00:00:00,64,00:00:00,,,billing=64;cpu=64;mem=1M;node=1,billing=128;cpu=128;node=1,,,SchedBackfill;StartReceived,,,
1002,1002,1247,test_user3,testing,test_user3-axNE,16,2025-07-29T19:05:47,2025-07-30T09:23:58,2025-07-30T09:27:31,COMPLETED,0:0,1,system_testing,86400,2025-07-29T19:05:47,,00:00:00,54528,213,,,,normal,0,/home/test_user3/stochsimsched,,,,,,,batch-cpu,None,00:00:00,2,,,0:0,,,2M,2,2,14:18:11,6590848,256,00:00:00,128,00:00:00,,,billing=128;cpu=128;mem=2M;node=2,billing=256;cpu=256;node=2,,,SchedBackfill;StartReceived,,,
1000,1000,1253,test_user1,testing,test_user1-IkM6,27,2025-07-29T19:06:37,2025-07-30T04:20:21,2025-07-30T04:41:03,COMPLETED,0:0,1,system_testing,86400,2025-07-29T19:06:37,,00:00:00,158976,1242,,,,normal,0,/home/test_user1/stochsimsched,,,,,,,batch-cpu,None,00:00:00,1,,,0:0,,,1M,1,1,09:13:44,2126336,128,00:00:00,64,00:00:00,,,billing=64;cpu=64;mem=1M;node=1,billing=128;cpu=128;node=1,,,SchedBackfill;StartReceived,,,
1015,1015,1267,test_user16,testing,test_user16-nPm7,14,2025-07-29T19:08:29,2025-07-30T01:37:32,2025-07-30T01:42:19,COMPLETED,0:0,1,system_testing,86400,2025-07-29T19:08:29,,00:00:00,36736,287,,,,normal,0,/home/test_user16/stochsimsched,,,,,,,batch-cpu,None,00:00:00,1,,,0:0,,,1M,1,1,06:29:03,1493952,128,00:00:00,64,00:00:00,,,billing=64;cpu=64;mem=1M;node=1,billing=128;cpu=128;node=1,,,SchedBackfill;StartReceived,,,
1002,1002,1271,test_user3,testing,test_user3-gB1d,17,2025-07-29T19:09:18,2025-07-30T01:57:04,2025-07-30T02:12:42,COMPLETED,0:0,1,system_testing,86400,2025-07-29T19:09:18,,00:00:00,120064,938,,,,normal,0,/home/test_user3/stochsimsched,,,,,,,batch-cpu,None,00:00:00,1,,,0:0,,,1M,1,1,06:47:46,1565824,128,00:00:00,64,00:00:00,,,billing=64;cpu=64;mem=1M;node=1,billing=128;cpu=128;node=1,,,SchedBackfill;StartReceived,,,
1001,1001,1283,test_user2,testing,test_user2-RjHv,23,2025-07-29T19:10:44,2025-07-30T05:48:02,2025-07-30T06:05:23,COMPLETED,0:0,1,system_testing,86400,2025-07-29T19:10:44,,00:00:00,133248,1041,,,,normal,0,/home/test_user2/stochsimsched,,,,,,,batch-cpu,None,00:00:00,1,,,0:0,,,1M,1,1,10:37:18,2447232,128,00:00:00,64,00:00:00,,,billing=64;cpu=64;mem=1M;node=1,billing=128;cpu=128;node=1,,,SchedBackfill;StartReceived,,,
1000,1000,1316,test_user1,testing,test_user1-rb2W,6,2025-07-29T19:15:56,2025-07-30T04:40:24,2025-07-30T04:44:17,COMPLETED,0:0,1,system_testing,86400,2025-07-29T19:15:56,,00:00:00,119296,233,,,,normal,0,/home/test_user1/stochsimsched,,,,,,,batch-cpu,None,00:00:00,4,,,0:0,,,4M,4,4,09:24:28,8670208,512,00:00:00,256,00:00:00,,,billing=256;cpu=256;mem=4M;node=4,billing=512;cpu=512;node=4,,,SchedBackfill;StartReceived,,,
1016,1016,1336,test_user17,testing,test_user17-PD1I,16,2025-07-29T19:18:57,2025-07-30T03:42:47,2025-07-30T03:47:09,COMPLETED,0:0,1,system_testing,86400,2025-07-29T19:18:57,,00:00:00,33536,262,,,,normal,0,/home/test_user17/stochsimsched,,,,,,,batch-cpu,None,00:00:00,1,,,0:0,,,1M,1,1,08:23:50,1934720,128,00:00:00,64,00:00:00,,,billing=64;cpu=64;mem=1M;node=1,billing=128;cpu=128;node=1,,,SchedBackfill;StartReceived,,,
1008,1008,1391,test_user9,testing,test_user9-By2v,8,2025-07-29T19:27:10,2025-07-29T20:49:27,2025-07-29T20:55:29,COMPLETED,0:0,1,system_testing,86400,2025-07-29T19:27:10,,00:00:00,46336,362,,,,normal,0,/home/test_user9/stochsimsched,,,,,,,batch-cpu,None,00:00:00,1,,,0:0,,,1M,1,1,01:22:17,315968,128,00:00:00,64,00:00:00,,,billing=64;cpu=64;mem=1M;node=1,billing=128;cpu=128;node=1,,,SchedBackfill;StartReceived,,,
1001,1001,1421,test_user2,testing,test_user2-efZW,5,2025-07-29T19:32:29,2025-07-30T02:15:36,2025-07-30T02:17:46,COMPLETED,0:0,1,system_testing,86400,2025-07-29T19:32:29,,00:00:00,33280,130,,,,normal,0,/home/test_user2/stochsimsched,,,,,,,batch-cpu,None,00:00:00,2,,,0:0,,,2M,2,2,06:43:07,3095936,256,00:00:00,128,00:00:00,,,billing=128;cpu=128;mem=2M;node=2,billing=256;cpu=256;node=2,,,SchedBackfill;StartReceived,,,
1015,1015,1430,test_user16,testing,test_user16-1N14,14,2025-07-29T19:33:52,2025-07-30T01:42:32,2025-07-30T01:48:59,COMPLETED,0:0,1,system_testing,86400,2025-07-29T19:33:52,,00:00:00,49536,387,,,,normal,0,/home/test_user16/stochsimsched,,,,,,,batch-cpu,None,00:00:00,1,,,0:0,,,1M,1,1,06:08:40,1415680,128,00:00:00,64,00:00:00,,,billing=64;cpu=64;mem=1M;node=1,billing=128;cpu=128;node=1,,,SchedBackfill;StartReceived,,,
1015,1015,1539,test_user16,testing,test_user16-MIJh,7,2025-07-29T19:49:42,2025-07-29T20:50:57,2025-07-29T20:55:49,COMPLETED,0:0,1,system_testing,86400,2025-07-29T19:49:42,,00:00:00,37376,292,,,,normal,0,/home/test_user16/stochsimsched,,,,,,,batch-cpu,None,00:00:00,1,,,0:0,,,1M,1,1,01:01:15,235200,128,00:00:00,64,00:00:00,,,billing=64;cpu=64;mem=1M;node=1,billing=128;cpu=128;node=1,,,SchedBackfill;StartReceived,,,
1001,1001,1600,test_user2,testing,test_user2-ogVL,9,2025-07-29T19:58:37,2025-07-29T23:14:14,2025-07-29T23:16:55,COMPLETED,0:0,1,system_testing,86400,2025-07-29T19:58:37,,00:00:00,20608,161,,,,normal,0,/home/test_user2/stochsimsched,,,,,,,batch-cpu,None,00:00:00,1,,,0:0,,,1M,1,1,03:15:37,751168,128,00:00:00,64,00:00:00,,,billing=64;cpu=64;mem=1M;node=1,billing=128;cpu=128;node=1,,,SchedBackfill;StartReceived,,,
1016,1016,1665,test_user17,testing,test_user17-ssxk,17,2025-07-29T20:07:55,2025-07-30T09:22:58,2025-07-30T09:25:00,COMPLETED,0:0,1,system_testing,86400,2025-07-29T20:07:55,,00:00:00,15616,122,,,,normal,0,/home/test_user17/stochsimsched,,,,,,,batch-cpu,None,00:00:00,1,,,0:0,,,1M,1,1,13:15:03,3052992,128,00:00:00,64,00:00:00,,,billing=64;cpu=64;mem=1M;node=1,billing=128;cpu=128;node=1,,,SchedBackfill;StartReceived,,,
1000,1000,1667,test_user1,testing,test_user1-f3Yb,14,2025-07-29T20:08:06,2025-07-30T09:25:29,2025-07-30T09:28:58,COMPLETED,0:0,1,system_testing,86400,2025-07-29T20:08:06,,00:00:00,26752,209,,,,normal,0,/home/test_user1/stochsimsched,,,,,,,batch-cpu,None,00:00:00,1,,,0:0,,,1M,1,1,13:17:23,3061952,128,00:00:00,64,00:00:00,,,billing=64;cpu=64;mem=1M;node=1,billing=128;cpu=128;node=1,,,SchedBackfill;StartReceived,,,
1016,1016,1785,test_user17,testing,test_user17-X1oH,9,2025-07-29T20:26:19,2025-07-30T06:49:39,2025-07-30T06:55:59,COMPLETED,0:0,1,system_testing,86400,2025-07-29T20:26:19,,00:00:00,97280,380,,,,normal,0,/home/test_user17/stochsimsched,,,,,,,batch-cpu,None,00:00:00,2,,,0:0,,,2M,2,2,10:23:20,4787200,256,00:00:00,128,00:00:00,,,billing=128;cpu=128;mem=2M;node=2,billing=256;cpu=256;node=2,,,SchedBackfill;StartReceived,,,
1014,1014,1790,test_user15,testing,test_user15-cxsz,7,2025-07-29T20:26:32,2025-07-30T06:46:09,2025-07-30T06:52:30,COMPLETED,0:0,1,system_testing,86400,2025-07-29T20:26:32,,00:00:00,146304,381,,,,normal,0,/home/test_user15/stochsimsched,,,,,,,batch-cpu,None,00:00:00,3,,,0:0,,,3M,3,3,10:19:37,7137984,384,00:00:00,192,00:00:00,,,billing=192;cpu=192;mem=3M;node=3,billing=384;cpu=384;node=3,,,SchedBackfill;StartReceived,,,
1002,1002,1867,test_user3,testing,test_user3-EtRA,6,2025-07-29T20:38:41,2025-07-30T06:51:39,2025-07-30T06:55:36,COMPLETED,0:0,1,system_testing,86400,2025-07-29T20:38:41,,00:00:00,60672,237,,,,normal,0,/home/test_user3/stochsimsched,,,,,,,batch-cpu,None,00:00:00,2,,,0:0,,,2M,2,2,10:12:58,4707584,256,00:00:00,128,00:00:00,,,billing=128;cpu=128;mem=2M;node=2,billing=256;cpu=256;node=2,,,SchedBackfill;StartReceived,,,
